날짜,KRX_Close,KOSPI_Close,KOSDAQ_Close,Gold_Close,Exchange_Rate
2019-06-07 00:00:00,2072.33,1997.17,716.53,1341.199951171875,
2019-06-10 00:00:00,2099.49,2025.68,721.14,1324.699951171875,
2019-06-11 00:00:00,2111.81,2035.03,728.79,1326.4000244140625,
2019-06-12 00:00:00,2108.75,2031.69,724.32,1331.9000244140625,
2019-06-13 00:00:00,2103.15,2020.64,726.68,1339.199951171875,
2019-06-14 00:00:00,2095.41,2014.98,722.25,1340.0999755859375,
2019-06-17 00:00:00,2090.73,2011.91,719.13,1338.699951171875,
2019-06-18 00:00:00,2098.71,2021.12,714.86,1346.5999755859375,
2019-06-19 00:00:00,2124.78,2049.58,717.71,1344.5999755859375,
2019-06-20 00:00:00,2131.29,2055.04,727.32,1392.9000244140625,
2019-06-21 00:00:00,2125.62,2051.2,722.64,1396.199951171875,
2019-06-24 00:00:00,2126.33,2052.94,717.69,1414.300048828125,
2019-06-25 00:00:00,2121.64,2050.7,710.02,1414.9000244140625,
2019-06-26 00:00:00,2121.85,2052.56,709.37,1411.5999755859375,
2019-06-27 00:00:00,2134.32,2067.05,698.21,1408.4000244140625,
2019-06-28 00:00:00,2130.62,2065.36,690.53,1409.699951171875,
2019-07-01 00:00:00,2129.74,2062.99,696.0,1385.5999755859375,
2019-07-02 00:00:00,2122.02,2053.8,696.25,1404.5999755859375,
2019-07-03 00:00:00,2096.02,2026.67,693.04,1417.699951171875,
2019-07-04 00:00:00,2108.73,2041.29,691.27,1417.699951171875,
2019-07-05 00:00:00,2110.59,2041.16,694.17,1396.699951171875,
2019-07-08 00:00:00,2064.17,1999.56,668.72,1397.0,
2019-07-09 00:00:00,2052.03,1991.57,657.8,1397.5,
2019-07-10 00:00:00,2058.78,1997.37,666.9,1410.0999755859375,
2019-07-11 00:00:00,2080.58,2018.75,677.09,1404.300048828125,
2019-07-12 00:00:00,2086.66,2025.15,681.17,1409.9000244140625,
2019-07-15 00:00:00,2082.48,2024.03,674.79,1411.4000244140625,
2019-07-16 00:00:00,2091.87,2033.19,674.42,1409.199951171875,
2019-07-17 00:00:00,2072.92,2015.39,666.28,1421.300048828125,
2019-07-18 00:00:00,2066.55,2008.66,665.15,1426.0999755859375,
2019-07-19 00:00:00,2094.36,2035.88,674.06,1425.0999755859375,
2019-07-22 00:00:00,2093.34,2035.5,674.78,1425.300048828125,
2019-07-23 00:00:00,2101.45,2046.36,668.65,1420.0999755859375,
2019-07-24 00:00:00,2082.3,2027.66,659.83,1422.800048828125,
2019-07-25 00:00:00,2074.48,2024.11,652.4,1413.9000244140625,
2019-07-26 00:00:00,2066.26,2017.51,644.59,1418.5,
2019-07-29 00:00:00,2029.48,1986.79,618.78,1419.5999755859375,
2019-07-30 00:00:00,2038.68,1994.46,625.64,1429.699951171875,
2019-07-31 00:00:00,2024.55,1977.02,630.18,1426.0999755859375,
2019-08-01 00:00:00,2017.34,1971.12,622.26,1420.9000244140625,
2019-08-02 00:00:00,1998.13,1951.65,615.7,1445.5999755859375,
2019-08-05 00:00:00,1946.98,1909.09,569.79,1464.5999755859375,
2019-08-06 00:00:00,1917.5,1880.27,551.5,1472.4000244140625,
2019-08-07 00:00:00,1909.71,1869.02,564.64,1507.300048828125,
2019-08-08 00:00:00,1920.61,1871.18,585.44,1497.699951171875,
2019-08-09 00:00:00,1937.75,1890.54,590.04,1496.5999755859375,
2019-08-12 00:00:00,1942.29,1894.96,594.17,1505.300048828125,
2019-08-13 00:00:00,1925.83,1875.5,590.75,1502.199951171875,
2019-08-14 00:00:00,1938.37,1889.12,597.15,1515.9000244140625,
2019-08-16 00:00:00,1927.17,1880.71,591.57,1512.5,
2019-08-19 00:00:00,1939.9,1890.14,594.65,1500.4000244140625,
2019-08-20 00:00:00,1960.25,1910.65,607.01,1504.5999755859375,
2019-08-21 00:00:00,1964.65,1913.16,615.96,1504.5999755859375,
2019-08-22 00:00:00,1951.01,1898.34,612.25,1497.300048828125,
2019-08-23 00:00:00,1948.3,1897.78,608.98,1526.5999755859375,
2019-08-26 00:00:00,1916.31,1868.7,582.91,1526.300048828125,
2019-08-27 00:00:00,1924.6,1878.29,588.32,1541.0,
2019-08-28 00:00:00,1941.09,1893.38,602.9,1537.800048828125,
2019-08-29 00:00:00,1933.41,1883.78,599.57,1526.5,
2019-08-30 00:00:00,1967.79,1919.65,610.55,1519.0999755859375,
2019-09-02 00:00:00,1969.19,1919.49,619.81,1519.0999755859375,
2019-09-03 00:00:00,1965.69,1913.85,620.02,1545.9000244140625,
2019-09-04 00:00:00,1988.53,1937.64,629.31,1550.300048828125,
2019-09-05 00:00:00,2004.75,1956.88,632.99,1515.4000244140625,
2019-09-06 00:00:00,2009.13,1963.54,631.15,1506.199951171875,
2019-09-09 00:00:00,2019.55,1977.54,625.77,1502.199951171875,
2019-09-10 00:00:00,2032.08,1988.52,623.25,1490.300048828125,
2019-09-11 00:00:00,2049.2,2004.75,630.37,1494.4000244140625,
2019-09-16 00:00:00,2062.22,2014.95,638.59,1503.0999755859375,
2019-09-17 00:00:00,2062.33,2013.7,644.28,1505.0999755859375,
2019-09-18 00:00:00,2070.73,2022.92,645.12,1507.5,
2019-09-19 00:00:00,2080.35,2035.12,645.71,1498.4000244140625,
2019-09-20 00:00:00,2091.52,2047.16,649.07,1507.300048828125,
2019-09-23 00:00:00,2091.7,2047.55,645.01,1523.699951171875,
2019-09-24 00:00:00,2101.04,2057.87,641.85,1532.0999755859375,
2019-09-25 00:00:00,2073.39,2033.06,626.76,1504.5999755859375,
2019-09-26 00:00:00,2074.52,2034.57,628.42,1507.5,
2019-09-27 00:00:00,2049.93,2008.33,626.93,1499.0999755859375,
2019-09-30 00:00:00,2063.05,2023.92,621.76,1465.699951171875,
2019-10-01 00:00:00,2072.42,2031.74,632.1,1482.0,
2019-10-02 00:00:00,2031.91,1989.37,624.51,1501.0,
2019-10-04 00:00:00,2020.69,1981.21,621.84,1506.199951171875,
2019-10-07 00:00:00,2021.73,1984.2,627.21,1497.699951171875,
2019-10-08 00:00:00,2046.25,2010.68,635.41,1497.199951171875,
2019-10-10 00:00:00,2028.15,1992.5,634.73,1494.800048828125,
2019-10-11 00:00:00,2044.61,2010.57,632.95,1482.699951171875,
2019-10-14 00:00:00,2067.4,2031.73,641.46,1491.699951171875,
2019-10-15 00:00:00,2068.17,2031.17,646.8,1477.5999755859375,
2019-10-16 00:00:00,2082.83,2045.68,651.96,1488.0,
2019-10-17 00:00:00,2077.94,2041.66,649.29,1492.300048828125,
2019-10-18 00:00:00,2060.69,2020.81,646.69,1488.199951171875,
2019-10-21 00:00:00,2064.84,2026.91,649.18,1482.4000244140625,
2019-10-22 00:00:00,2088.86,2053.08,655.91,1481.699951171875,
2019-10-23 00:00:00,2080.62,2046.55,658.98,1489.9000244140625,
2019-10-24 00:00:00,2085.66,2052.37,658.75,1498.9000244140625,
2019-10-25 00:00:00,2087.89,2055.78,652.37,1499.5,
2019-10-28 00:00:00,2093.6,2060.65,652.42,1490.0,
2019-10-29 00:00:00,2092.69,2059.97,658.3,1487.0,
2019-10-30 00:00:00,2080.27,2047.15,655.04,1493.199951171875,
2019-10-31 00:00:00,2083.48,2049.19,658.52,1511.4000244140625,
2019-11-01 00:00:00,2100.2,2068.45,662.34,1508.0,
2019-11-04 00:00:00,2130.24,2097.44,668.45,1508.0,
2019-11-05 00:00:00,2142.64,2111.36,672.18,1480.800048828125,
2019-11-06 00:00:00,2144.15,2111.62,669.68,1490.199951171875,
2019-11-07 00:00:00,2144.29,2112.11,666.15,1464.199951171875,
2019-11-08 00:00:00,2137.23,2102.51,664.6,1461.300048828125,
2019-11-11 00:00:00,2124.09,2087.8,661.37,1455.5,
2019-11-12 00:00:00,2140.92,2106.67,665.14,1452.0999755859375,
2019-11-13 00:00:00,2122.45,2086.84,661.85,1461.699951171875,
2019-11-14 00:00:00,2139.23,2106.59,663.31,1471.800048828125,
2019-11-15 00:00:00,2162.18,2130.81,668.51,1467.300048828125,
2019-11-18 00:00:00,2160.69,2130.54,669.34,1470.9000244140625,
2019-11-19 00:00:00,2153.24,2123.08,662.53,1473.300048828125,
2019-11-20 00:00:00,2125.32,2095.74,649.87,1473.300048828125,
2019-11-21 00:00:00,2096.6,2067.21,635.99,1463.0999755859375,
2019-11-22 00:00:00,2101.96,2072.92,633.92,1463.0999755859375,
2019-11-25 00:00:00,2123.5,2092.79,647.4,1456.5999755859375,
2019-11-26 00:00:00,2121.35,2087.88,651.59,1459.800048828125,
2019-11-27 00:00:00,2127.85,2096.0,647.39,1453.4000244140625,
2019-11-28 00:00:00,2118.6,2086.32,640.18,1453.4000244140625,
2019-11-29 00:00:00,2087.96,2052.75,632.99,1465.5999755859375,
2019-12-02 00:00:00,2091.92,2058.04,634.5,1462.300048828125,
2019-12-03 00:00:00,2084.07,2050.74,629.58,1478.199951171875,
2019-12-04 00:00:00,2068.89,2036.2,625.27,1474.0,
2019-12-05 00:00:00,2060.74,2028.61,617.6,1476.9000244140625,
2019-12-06 00:00:00,2081.85,2050.94,628.1,1459.0999755859375,
2019-12-09 00:00:00,2088.65,2061.38,627.86,1459.300048828125,
2019-12-10 00:00:00,2098.0,2070.26,627.11,1462.5999755859375,
2019-12-11 00:00:00,2105.62,2077.52,629.13,1469.4000244140625,
2019-12-12 00:00:00,2137.35,2111.58,636.94,1466.699951171875,
2019-12-13 00:00:00,2170.25,2147.85,643.45,1475.5999755859375,
2019-12-16 00:00:00,2168.15,2144.91,644.44,1475.0,
2019-12-17 00:00:00,2195.68,2176.75,650.58,1474.5999755859375,
2019-12-18 00:00:00,2194.76,2176.59,648.95,1472.5999755859375,
2019-12-19 00:00:00,2196.56,2177.74,647.85,1478.199951171875,
2019-12-20 00:00:00,2204.18,2185.7,649.73,1474.699951171875,
2019-12-23 00:00:00,2203.71,2184.91,647.62,1482.5,
2019-12-24 00:00:00,2190.08,2170.38,638.91,1499.0999755859375,
2019-12-26 00:00:00,2197.93,2177.39,652.07,1509.300048828125,
2019-12-27 00:00:00,2204.21,2184.28,661.24,1513.800048828125,
2019-12-30 00:00:00,2197.67,2173.71,669.83,1514.5,
2020-01-02 00:00:00,2175.17,2147.36,674.02,1524.5,
2020-01-03 00:00:00,2176.46,2149.1,669.93,1549.199951171875,
2020-01-06 00:00:00,2155.07,2131.4,655.31,1566.199951171875,
2020-01-07 00:00:00,2175.54,2152.92,663.44,1571.800048828125,
2020-01-08 00:00:00,2151.31,2136.49,640.94,1557.4000244140625,
2020-01-09 00:00:00,2186.45,2170.45,666.09,1551.699951171875,
2020-01-10 00:00:00,2206.39,2190.21,673.03,1557.5,
2020-01-13 00:00:00,2229.26,2213.45,679.22,1548.4000244140625,
2020-01-14 00:00:00,2238.88,2223.8,678.71,1542.4000244140625,
2020-01-15 00:00:00,2230.98,2211.54,679.16,1552.0999755859375,
2020-01-16 00:00:00,2248.05,2231.27,686.52,1549.0,
2020-01-17 00:00:00,2250.57,2235.34,688.41,1558.800048828125,
2020-01-20 00:00:00,2262.64,2251.27,683.47,1558.800048828125,
2020-01-21 00:00:00,2239.69,2226.8,676.52,1556.4000244140625,
2020-01-22 00:00:00,2267.25,2255.32,688.25,1555.300048828125,
2020-01-23 00:00:00,2246.13,2231.81,685.57,1564.5999755859375,
2020-01-28 00:00:00,2176.72,2162.09,664.7,1569.199951171875,
2020-01-29 00:00:00,2185.28,2171.32,670.18,1569.800048828125,
2020-01-30 00:00:00,2148.0,2133.76,656.39,1583.5,
2020-01-31 00:00:00,2119.01,2105.45,642.48,1582.9000244140625,
2020-02-03 00:00:00,2118.88,2106.38,646.85,1577.199951171875,
2020-02-04 00:00:00,2157.9,2147.14,661.24,1550.4000244140625,
2020-02-05 00:00:00,2165.63,2155.86,661.32,1557.800048828125,
2020-02-06 00:00:00,2227.94,2221.89,672.69,1565.0999755859375,
2020-02-07 00:00:00,2211.95,2205.17,672.63,1568.5999755859375,
2020-02-10 00:00:00,2201.07,2192.86,676.07,1574.699951171875,
2020-02-11 00:00:00,2223.12,2215.14,682.34,1565.5999755859375,
2020-02-12 00:00:00,2238.38,2231.69,686.59,1567.4000244140625,
2020-02-13 00:00:00,2232.96,2227.2,687.61,1575.0999755859375,
2020-02-14 00:00:00,2243.59,2240.33,688.91,1582.699951171875,
2020-02-17 00:00:00,2242.17,2238.3,692.59,1582.699951171875,
2020-02-18 00:00:00,2208.88,2203.31,682.92,1600.0,
2020-02-19 00:00:00,2210.34,2205.96,684.78,1607.5,
2020-02-20 00:00:00,2195.5,2192.57,681.66,1616.5999755859375,
2020-02-21 00:00:00,2162.84,2160.94,667.99,1644.5999755859375,
2020-02-24 00:00:00,2079.04,2076.53,639.29,1672.4000244140625,
2020-02-25 00:00:00,2103.61,2099.76,656.95,1646.9000244140625,
2020-02-26 00:00:00,2076.77,2069.33,654.63,1640.0,
2020-02-27 00:00:00,2054.89,2048.23,638.17,1640.0,
2020-02-28 00:00:00,1987.01,1980.75,610.73,1564.0999755859375,
2020-03-02 00:00:00,2002.51,1995.48,627.66,1592.300048828125,
2020-03-03 00:00:00,2014.15,2005.5,626.82,1642.0999755859375,
2020-03-04 00:00:00,2059.33,2053.32,641.73,1641.0999755859375,
2020-03-05 00:00:00,2085.26,2078.16,650.19,1666.4000244140625,
2020-03-06 00:00:00,2040.22,2031.59,642.72,1670.800048828125,
2020-03-09 00:00:00,1954.77,1945.34,614.6,1674.5,
2020-03-10 00:00:00,1962.93,1955.69,619.97,1659.0999755859375,
2020-03-11 00:00:00,1908.27,1902.32,595.61,1641.4000244140625,
2020-03-12 00:00:00,1834.33,1834.12,563.49,1589.300048828125,
2020-03-13 00:00:00,1771.44,1779.62,524.0,1515.699951171875,
2020-03-16 00:00:00,1714.86,1719.43,504.51,1485.9000244140625,
2020-03-17 00:00:00,1672.44,1672.71,514.73,1524.9000244140625,
2020-03-18 00:00:00,1591.2,1590.36,485.14,1477.300048828125,
2020-03-19 00:00:00,1457.64,1467.96,428.35,1478.5999755859375,
2020-03-20 00:00:00,1566.15,1578.1,467.75,1484.0,
2020-03-23 00:00:00,1482.46,1496.41,443.76,1567.0,
2020-03-24 00:00:00,1609.97,1630.87,480.4,1660.199951171875,
2020-03-25 00:00:00,1704.76,1723.6,505.68,1632.300048828125,
2020-03-26 00:00:00,1686.24,1694.2,516.61,1650.0999755859375,
2020-03-27 00:00:00,1717.73,1725.86,522.83,1623.9000244140625,
2020-03-30 00:00:00,1717.12,1718.65,542.11,1622.0,
2020-03-31 00:00:00,1754.64,1751.12,569.07,1583.4000244140625,
2020-04-01 00:00:00,1685.46,1672.93,551.84,1578.199951171875,
2020-04-02 00:00:00,1724.86,1714.28,567.7,1625.699951171875,
2020-04-03 00:00:00,1725.44,1711.73,573.01,1633.699951171875,
2020-04-06 00:00:00,1791.88,1777.9,597.21,1677.0,
2020-04-07 00:00:00,1823.6,1807.61,606.9,1664.800048828125,
2020-04-08 00:00:00,1807.14,1786.83,607.37,1665.4000244140625,
2020-04-09 00:00:00,1836.21,1814.81,615.95,1736.199951171875,
2020-04-10 00:00:00,1860.7,1840.97,611.26,1736.199951171875,
2020-04-13 00:00:00,1825.76,1805.48,596.71,1744.800048828125,
2020-04-14 00:00:00,1857.08,1834.9,610.29,1756.699951171875,
2020-04-16 00:00:00,1857.07,1833.61,623.43,1720.4000244140625,
2020-04-17 00:00:00,1914.53,1895.39,634.79,1689.199951171875,
2020-04-20 00:00:00,1898.36,1871.72,637.82,1701.5999755859375,
2020-04-21 00:00:00,1879.38,1854.24,628.77,1678.199951171875,
2020-04-22 00:00:00,1896.15,1872.4,635.16,1728.699951171875,
2020-04-23 00:00:00,1914.73,1889.31,643.79,1733.300048828125,
2020-04-24 00:00:00,1889.01,1863.05,632.96,1723.5,
2020-04-27 00:00:00,1922.77,1895.34,646.86,1711.9000244140625,
2020-04-28 00:00:00,1934.09,1906.43,644.93,1710.5,
2020-04-29 00:00:00,1947.56,1919.56,645.18,1703.4000244140625,
2020-05-04 00:00:00,1895.37,1862.76,641.91,1706.9000244140625,
2020-05-06 00:00:00,1928.76,1896.62,658.4,1684.199951171875,
2020-05-07 00:00:00,1928.61,1893.9,668.17,1721.800048828125,
2020-05-08 00:00:00,1945.82,1910.49,682.3,1709.9000244140625,
2020-05-11 00:00:00,1935.4,1897.49,685.04,1695.300048828125,
2020-05-12 00:00:00,1922.17,1886.02,684.21,1704.4000244140625,
2020-05-13 00:00:00,1940.42,1905.65,691.53,1713.9000244140625,
2020-05-14 00:00:00,1924.96,1889.39,690.57,1738.0999755859375,
2020-05-15 00:00:00,1927.28,1888.84,691.93,1753.4000244140625,
2020-05-18 00:00:00,1937.11,1899.06,690.85,1731.800048828125,
2020-05-19 00:00:00,1980.61,1946.07,696.36,1744.199951171875,
2020-05-20 00:00:00,1989.64,1953.28,708.76,1750.5999755859375,
2020-05-21 00:00:00,1998.31,1961.41,716.02,1720.5,
2020-05-22 00:00:00,1970.13,1933.14,708.58,1734.5999755859375,
2020-05-25 00:00:00,1994.6,1958.69,719.89,1734.5999755859375,
2020-05-26 00:00:00,2029.78,1994.51,729.11,1704.800048828125,
2020-05-27 00:00:00,2031.2,1993.53,724.59,1710.300048828125,
2020-05-28 00:00:00,2028.54,1996.58,708.75,1713.300048828125,
2020-05-29 00:00:00,2029.6,1999.13,713.68,1736.9000244140625,
2020-06-01 00:00:00,2065.08,2034.52,735.72,1737.800048828125,
2020-06-02 00:00:00,2087.19,2055.12,743.58,1725.199951171875,
2020-06-03 00:00:00,2147.0,2122.99,737.66,1697.800048828125,
2020-06-04 00:00:00,2151.18,2128.24,742.37,1718.9000244140625,
2020-06-05 00:00:00,2181.87,2158.38,749.31,1676.199951171875,
2020-06-08 00:00:00,2184.29,2159.86,753.04,1698.300048828125,
2020-06-09 00:00:00,2188.92,2160.94,753.82,1714.699951171875,
2020-06-10 00:00:00,2195.69,2168.8,758.62,1713.300048828125,
2020-06-11 00:00:00,2176.78,2150.31,757.06,1732.0,
2020-06-12 00:00:00,2132.3,2107.54,746.06,1729.300048828125,
2020-06-15 00:00:00,2030.82,2010.99,693.15,1720.300048828125,
2020-06-16 00:00:00,2138.05,2117.83,735.38,1729.5999755859375,
2020-06-17 00:00:00,2141.05,2120.92,735.4,1729.199951171875,
2020-06-18 00:00:00,2133.48,2110.07,737.33,1724.800048828125,
2020-06-19 00:00:00,2141.32,2120.62,742.03,1745.9000244140625,
2020-06-22 00:00:00,2126.73,2105.62,751.64,1756.699951171875,
2020-06-23 00:00:00,2131.24,2111.33,753.23,1772.0999755859375,
2020-06-24 00:00:00,2161.51,2144.88,759.5,1765.800048828125,
2020-06-25 00:00:00,2112.37,2093.3,750.36,1762.0999755859375,
2020-06-26 00:00:00,2134.65,2119.73,750.58,1772.5,
2020-06-29 00:00:00,2093.48,2077.53,734.69,1774.800048828125,
2020-06-30 00:00:00,2108.33,2091.17,737.97,1793.0,
2020-07-01 00:00:00,2106.7,2090.96,727.58,1773.199951171875,
2020-07-02 00:00:00,2135.37,2119.9,742.55,1784.0,
2020-07-03 00:00:00,2152.41,2131.38,752.18,1784.0,
2020-07-06 00:00:00,2187.93,2162.03,759.9,1788.5,
2020-07-07 00:00:00,2164.17,2135.6,759.16,1804.199951171875,
2020-07-08 00:00:00,2158.88,2128.02,765.96,1815.5,
2020-07-09 00:00:00,2167.9,2137.88,772.9,1799.199951171875,
2020-07-10 00:00:00,2150.25,2119.74,772.81,1798.199951171875,
2020-07-13 00:00:00,2186.06,2154.47,781.19,1811.0,
2020-07-14 00:00:00,2183.61,2152.65,778.39,1810.5999755859375,
2020-07-15 00:00:00,2201.88,2173.0,781.29,1811.4000244140625,
2020-07-16 00:00:00,2183.76,2150.77,775.07,1798.699951171875,
2020-07-17 00:00:00,2201.19,2167.81,783.22,1808.300048828125,
2020-07-20 00:00:00,2198.2,2159.12,781.96,1815.9000244140625,
2020-07-21 00:00:00,2228.83,2188.51,790.58,1842.4000244140625,
2020-07-22 00:00:00,2228.66,2182.2,794.99,1864.0999755859375,
2020-07-23 00:00:00,2216.19,2167.53,801.69,1889.0999755859375,
2020-07-24 00:00:00,2200.44,2151.15,794.8,1897.300048828125,
2020-07-27 00:00:00,2217.86,2170.26,801.23,1931.0,
2020-07-28 00:00:00,2256.99,2217.33,807.85,1944.699951171875,
2020-07-29 00:00:00,2263.16,2223.52,808.59,1953.5,
2020-07-30 00:00:00,2267.01,2226.2,814.19,1942.300048828125,
2020-07-31 00:00:00,2249.37,2209.65,815.3,1962.800048828125,
2020-08-03 00:00:00,2251.04,2212.67,827.57,1966.0,
2020-08-04 00:00:00,2279.97,2237.34,835.35,2001.199951171875,
2020-08-05 00:00:00,2311.86,2271.2,847.28,2031.0999755859375,
2020-08-06 00:00:00,2342.61,2303.64,854.12,2051.5,
2020-08-07 00:00:00,2351.67,2315.26,857.63,2010.0999755859375,
2020-08-10 00:00:00,2386.38,2345.89,862.76,2024.4000244140625,
2020-08-11 00:00:00,2418.67,2380.72,860.23,1932.5999755859375,
2020-08-12 00:00:00,2432.35,2397.5,845.6,1934.9000244140625,
2020-08-13 00:00:00,2437.53,2403.21,854.77,1956.699951171875,
2020-08-14 00:00:00,2407.49,2371.15,835.03,1937.0,
2020-08-18 00:00:00,2348.24,2322.06,800.22,1999.4000244140625,
2020-08-19 00:00:00,2360.54,2327.7,818.74,1958.699951171875,
2020-08-20 00:00:00,2274.22,2239.55,791.14,1933.800048828125,
2020-08-21 00:00:00,2304.59,2273.51,796.01,1934.5999755859375,
2020-08-24 00:00:00,2329.83,2297.81,815.74,1927.699951171875,
2020-08-25 00:00:00,2366.73,2329.36,836.31,1911.800048828125,
2020-08-26 00:00:00,2369.32,2332.8,841.35,1940.699951171875,
2020-08-27 00:00:00,2344.45,2310.8,836.4,1921.5999755859375,
2020-08-28 00:00:00,2353.8,2317.55,841.3,1964.5999755859375,
2020-08-31 00:00:00,2326.17,2276.1,848.24,1967.5999755859375,
2020-09-01 00:00:00,2349.55,2296.4,853.37,1968.199951171875,
2020-09-02 00:00:00,2364.37,2306.13,866.74,1934.4000244140625,
2020-09-03 00:00:00,2395.9,2339.73,874.13,1927.5999755859375,
2020-09-04 00:00:00,2368.25,2306.46,866.04,1923.9000244140625,
2020-09-07 00:00:00,2384.22,2317.2,878.88,1923.9000244140625,
2020-09-08 00:00:00,2401.91,2343.11,878.29,1933.0,
2020-09-09 00:00:00,2375.81,2318.49,869.47,1944.699951171875,
2020-09-10 00:00:00,2396.48,2338.22,884.3,1954.199951171875,
2020-09-11 00:00:00,2396.69,2338.06,888.44,1937.800048828125,
2020-09-14 00:00:00,2427.91,2371.43,894.17,1953.0999755859375,
2020-09-15 00:00:00,2443.58,2388.2,899.46,1956.300048828125,
2020-09-16 00:00:00,2435.92,2381.14,896.28,1960.199951171875,
2020-09-17 00:00:00,2406.17,2350.49,885.18,1940.0,
2020-09-18 00:00:00,2412.4,2352.97,888.88,1952.0999755859375,
2020-09-21 00:00:00,2389.39,2333.69,866.99,1901.199951171875,
2020-09-22 00:00:00,2332.59,2282.21,842.72,1898.5999755859375,
2020-09-23 00:00:00,2333.24,2283.93,843.45,1859.9000244140625,
2020-09-24 00:00:00,2272.7,2229.92,806.95,1868.300048828125,
2020-09-25 00:00:00,2278.79,2237.07,808.28,1857.699951171875,
2020-09-28 00:00:00,2308.08,2264.25,835.91,1872.800048828125,
2020-09-29 00:00:00,2327.89,2282.98,848.15,1894.300048828125,
2020-10-05 00:00:00,2358.0,2312.86,858.39,1912.5,
2020-10-06 00:00:00,2365.9,2321.54,862.58,1901.0999755859375,
2020-10-07 00:00:00,2386.94,2343.78,869.66,1883.5999755859375,
2020-10-08 00:00:00,2391.96,2344.87,871.62,1888.5999755859375,
2020-10-12 00:00:00,2403.73,2356.03,873.5,1922.5,
2020-10-13 00:00:00,2403.15,2359.44,871.92,1888.5,
2020-10-14 00:00:00,2380.48,2335.83,861.48,1901.300048828125,
2020-10-15 00:00:00,2361.21,2317.61,844.44,1903.199951171875,
2020-10-16 00:00:00,2341.53,2302.83,833.84,1900.800048828125,
2020-10-19 00:00:00,2346.74,2307.03,822.25,1906.4000244140625,
2020-10-20 00:00:00,2358.41,2322.25,824.65,1910.4000244140625,
2020-10-21 00:00:00,2370.86,2329.38,830.67,1924.5999755859375,
2020-10-22 00:00:00,2355.05,2313.4,812.7,1901.0999755859375,
2020-10-23 00:00:00,2360.81,2318.28,807.98,1902.0,
2020-10-26 00:00:00,2343.91,2310.2,778.02,1902.699951171875,
2020-10-27 00:00:00,2330.84,2298.44,783.73,1908.800048828125,
2020-10-28 00:00:00,2345.26,2306.76,806.2,1876.199951171875,
2020-10-29 00:00:00,2326.67,2286.67,813.93,1865.5999755859375,
2020-10-30 00:00:00,2267.15,2225.23,792.65,1877.4000244140625,
2020-11-02 00:00:00,2300.16,2258.72,802.95,1890.4000244140625,
2020-11-03 00:00:00,2343.31,2299.88,818.46,1908.5,
2020-11-04 00:00:00,2357.32,2314.39,826.97,1894.5999755859375,
2020-11-05 00:00:00,2413.79,2372.73,844.8,1945.300048828125,
2020-11-06 00:00:00,2416.5,2376.97,836.78,1950.300048828125,
2020-11-09 00:00:00,2447.2,2400.72,851.21,1853.199951171875,
2020-11-10 00:00:00,2452.83,2402.75,840.79,1875.4000244140625,
2020-11-11 00:00:00,2485.87,2442.2,839.9,1860.699951171875,
2020-11-12 00:00:00,2475.62,2430.69,840.08,1872.5999755859375,
2020-11-13 00:00:00,2493.87,2451.66,839.14,1885.699951171875,
2020-11-16 00:00:00,2543.03,2504.02,847.33,1887.300048828125,
2020-11-17 00:00:00,2539.15,2500.07,839.47,1884.5,
2020-11-18 00:00:00,2545.64,2506.53,851.74,1873.5,
2020-11-19 00:00:00,2547.42,2508.85,859.94,1861.0999755859375,
2020-11-20 00:00:00,2553.5,2510.7,870.18,1872.5999755859375,
2020-11-23 00:00:00,2602.59,2565.74,873.29,1837.800048828125,
2020-11-24 00:00:00,2617.76,2581.81,872.1,1804.800048828125,
2020-11-25 00:00:00,2601.54,2567.82,865.12,1805.699951171875,
2020-11-26 00:00:00,2625.91,2594.15,874.53,1805.699951171875,
2020-11-27 00:00:00,2633.45,2597.44,885.56,1781.9000244140625,
2020-11-30 00:00:00,2591.34,2546.92,886.11,1775.699951171875,
2020-12-01 00:00:00,2634.25,2594.72,891.29,1814.0999755859375,
2020-12-02 00:00:00,2675.9,2638.53,899.34,1825.699951171875,
2020-12-03 00:00:00,2696.22,2663.22,907.61,1836.800048828125,
2020-12-04 00:00:00,2731.45,2705.76,913.76,1835.9000244140625,
2020-12-07 00:00:00,2745.44,2725.23,926.88,1861.800048828125,
2020-12-08 00:00:00,2700.93,2676.79,906.84,1870.800048828125,
2020-12-09 00:00:00,2755.47,2734.62,913.81,1834.5999755859375,
2020-12-10 00:00:00,2746.46,2718.02,921.7,1833.5999755859375,
2020-12-11 00:00:00,2770.06,2742.92,928.44,1839.800048828125,
2020-12-14 00:00:00,2762.2,2734.75,929.54,1828.699951171875,
2020-12-15 00:00:00,2756.82,2729.14,931.27,1852.300048828125,
2020-12-16 00:00:00,2771.79,2741.86,939.65,1856.0999755859375,
2020-12-17 00:00:00,2770.43,2737.12,944.04,1887.199951171875,
2020-12-18 00:00:00,2772.18,2732.18,947.24,1885.699951171875,
2020-12-21 00:00:00,2778.65,2738.07,953.58,1879.199951171875,
2020-12-22 00:00:00,2733.68,2698.03,928.73,1866.5999755859375,
2020-12-23 00:00:00,2759.82,2737.82,923.17,1874.699951171875,
2020-12-24 00:00:00,2806.86,2791.21,928.68,1879.9000244140625,
2020-12-28 00:00:00,2808.6,2797.96,927.0,1877.199951171875,
2020-12-29 00:00:00,2820.51,2804.39,957.41,1879.699951171875,
2020-12-30 00:00:00,2873.47,2859.22,968.42,1891.0,
2021-01-04 00:00:00,2944.45,2935.52,977.62,1944.699951171875,
2021-01-05 00:00:00,2990.57,2981.65,985.76,1952.699951171875,
2021-01-06 00:00:00,2968.21,2954.74,981.39,1906.9000244140625,
2021-01-07 00:00:00,3031.68,3021.18,988.86,1912.300048828125,
2021-01-08 00:00:00,3152.18,3163.89,987.79,1834.0999755859375,
2021-01-11 00:00:00,3148.45,3172.53,976.63,1849.5999755859375,
2021-01-12 00:00:00,3125.95,3145.85,973.72,1842.9000244140625,
2021-01-13 00:00:00,3148.29,3167.95,979.13,1853.5999755859375,
2021-01-14 00:00:00,3149.93,3164.83,980.29,1850.300048828125,
2021-01-15 00:00:00,3085.9,3095.18,964.44,1829.300048828125,
2021-01-18 00:00:00,3013.93,3020.96,944.67,1829.300048828125,
2021-01-19 00:00:00,3092.66,3102.06,957.75,1839.5,
2021-01-20 00:00:00,3114.55,3122.74,977.66,1865.9000244140625,
2021-01-21 00:00:00,3160.84,3168.98,981.4,1865.300048828125,
2021-01-22 00:00:00,3140.63,3142.98,979.98,1855.699951171875,
2021-01-25 00:00:00,3208.99,3217.28,999.3,1854.9000244140625,
2021-01-26 00:00:00,3140.31,3140.09,994.0,1850.699951171875,
2021-01-27 00:00:00,3122.56,3124.2,985.92,1844.9000244140625,
2021-01-28 00:00:00,3069.05,3072.03,961.23,1837.9000244140625,
2021-01-29 00:00:00,2976.21,2982.04,928.73,1847.300048828125,
2021-02-01 00:00:00,3056.53,3062.13,956.92,1860.800048828125,
2021-02-02 00:00:00,3096.81,3103.25,963.81,1830.5,
2021-02-03 00:00:00,3129.68,3134.86,970.69,1832.199951171875,
2021-02-04 00:00:00,3087.55,3086.97,964.58,1788.9000244140625,
2021-02-05 00:00:00,3120.63,3122.62,967.42,1810.9000244140625,
2021-02-08 00:00:00,3091.24,3087.21,960.78,1831.9000244140625,
2021-02-09 00:00:00,3084.67,3080.91,957.85,1835.300048828125,
2021-02-10 00:00:00,3100.58,3094.96,964.31,1840.5999755859375,
2021-02-15 00:00:00,3147.0,3146.19,981.97,1840.5999755859375,
2021-02-16 00:00:00,3163.25,3162.38,977.74,1797.199951171875,
2021-02-17 00:00:00,3133.73,3127.02,979.77,1771.0999755859375,
2021-02-18 00:00:00,3086.66,3076.89,967.42,1773.4000244140625,
2021-02-19 00:00:00,3107.62,3103.15,965.11,1775.800048828125,
2021-02-22 00:00:00,3079.75,3072.07,954.29,1806.699951171875,
2021-02-23 00:00:00,3070.09,3064.1,936.6,1804.4000244140625,
2021-02-24 00:00:00,2994.98,2998.3,906.31,1796.4000244140625,
2021-02-25 00:00:00,3099.69,3107.74,936.21,1774.4000244140625,
2021-02-26 00:00:00,3012.95,3012.29,913.94,1728.0999755859375,
2021-03-02 00:00:00,3043.87,3049.95,923.17,1733.0999755859375,
2021-03-03 00:00:00,3082.99,3089.5,930.8,1715.300048828125,
2021-03-04 00:00:00,3043.49,3045.92,926.2,1700.199951171875,
2021-03-05 00:00:00,3026.26,3027.41,923.48,1698.0,
2021-03-08 00:00:00,2996.11,2999.87,904.77,1677.699951171875,
2021-03-09 00:00:00,2976.12,2981.04,896.36,1716.5999755859375,
2021-03-10 00:00:00,2958.12,2964.53,890.07,1721.5,
2021-03-11 00:00:00,3013.7,3023.02,908.01,1722.300048828125,
2021-03-12 00:00:00,3054.39,3062.66,925.49,1719.5,
2021-03-15 00:00:00,3045.71,3047.4,926.9,1728.9000244140625,
2021-03-16 00:00:00,3067.17,3066.74,940.65,1730.5999755859375,
2021-03-17 00:00:00,3047.5,3041.6,943.78,1726.800048828125,
2021-03-18 00:00:00,3066.01,3063.55,949.83,1732.199951171875,
2021-03-19 00:00:00,3039.53,3031.91,952.11,1741.4000244140625,
2021-03-22 00:00:00,3035.46,3028.09,955.38,1737.800048828125,
2021-03-23 00:00:00,3004.74,2998.96,946.31,1724.699951171875,
2021-03-24 00:00:00,2996.35,2987.99,953.82,1732.9000244140625,
2021-03-25 00:00:00,3008.33,2999.7,954.99,1724.9000244140625,
2021-03-26 00:00:00,3041.01,3032.41,956.7,1732.199951171875,
2021-03-29 00:00:00,3036.04,3026.63,954.1,1712.0999755859375,
2021-03-30 00:00:00,3070.0,3064.21,958.06,1683.9000244140625,
2021-03-31 00:00:00,3061.42,3051.11,956.17,1713.800048828125,
2021-04-01 00:00:00,3087.4,3083.42,965.78,1726.5,
2021-04-02 00:00:00,3112.8,3115.14,970.09,1726.5,
2021-04-05 00:00:00,3120.83,3120.8,969.77,1727.0,
2021-04-06 00:00:00,3127.08,3127.41,968.63,1741.5,
2021-04-07 00:00:00,3137.41,3135.43,973.22,1740.0999755859375,
2021-04-08 00:00:00,3143.26,3136.89,982.02,1756.800048828125,
2021-04-09 00:00:00,3131.88,3119.25,989.39,1743.300048828125,
2021-04-12 00:00:00,3135.59,3121.51,1000.65,1731.199951171875,
2021-04-13 00:00:00,3169.08,3159.55,1010.37,1746.199951171875,
2021-04-14 00:00:00,3182.38,3172.14,1014.42,1734.9000244140625,
2021-04-15 00:00:00,3194.33,3188.49,1013.9,1765.4000244140625,
2021-04-16 00:00:00,3198.62,3188.8,1021.62,1779.0,
2021-04-19 00:00:00,3198.84,3185.08,1029.46,1769.4000244140625,
2021-04-20 00:00:00,3220.7,3202.98,1031.88,1777.300048828125,
2021-04-21 00:00:00,3171.66,3147.11,1022.22,1792.300048828125,
2021-04-22 00:00:00,3177.52,3148.05,1025.71,1781.199951171875,
2021-04-23 00:00:00,3186.1,3155.8,1026.82,1777.0,
2021-04-26 00:00:00,3217.53,3187.06,1030.06,1779.199951171875,
2021-04-27 00:00:00,3215.42,3181.78,1021.01,1778.0,
2021-04-28 00:00:00,3181.47,3149.01,998.27,1773.199951171875,
2021-04-29 00:00:00,3174.07,3141.75,990.69,1768.0999755859375,
2021-04-30 00:00:00,3147.86,3111.0,983.45,1767.300048828125,
2021-05-03 00:00:00,3127.2,3093.67,961.81,1791.4000244140625,
2021-05-04 00:00:00,3147.37,3118.0,967.2,1775.800048828125,
2021-05-06 00:00:00,3178.74,3141.59,969.99,1815.5,
2021-05-07 00:00:00,3197.2,3155.87,978.3,1831.0999755859375,
2021-05-10 00:00:00,3249.3,3206.01,992.8,1837.5,
2021-05-11 00:00:00,3209.43,3155.38,978.61,1835.9000244140625,
2021-05-12 00:00:00,3161.66,3108.64,967.1,1822.5999755859375,
2021-05-13 00:00:00,3122.11,3068.67,951.77,1823.800048828125,
2021-05-14 00:00:00,3153.32,3104.92,966.72,1837.9000244140625,
2021-05-17 00:00:00,3134.52,3088.19,962.5,1867.5,
2021-05-18 00:00:00,3173.05,3125.12,969.1,1867.800048828125,
2021-05-20 00:00:00,3162.28,3114.68,971.13,1881.800048828125,
2021-05-21 00:00:00,3156.42,3114.42,965.63,1876.699951171875,
2021-05-24 00:00:00,3144.3,3103.72,948.37,1884.5999755859375,
2021-05-25 00:00:00,3171.32,3129.41,962.07,1898.0999755859375,
2021-05-26 00:00:00,3168.43,3121.84,966.06,1901.300048828125,
2021-05-27 00:00:00,3165.51,3114.71,974.08,1895.699951171875,
2021-05-28 00:00:00,3188.73,3137.18,977.46,1902.5,
2021-05-31 00:00:00,3203.92,3151.65,981.78,1902.5,
2021-06-01 00:00:00,3221.87,3168.72,984.59,1902.9000244140625,
2021-06-02 00:00:00,3224.23,3166.71,981.1,1907.5,
2021-06-03 00:00:00,3247.43,3194.29,990.19,1871.199951171875,
2021-06-04 00:00:00,3240.08,3184.3,987.58,1889.800048828125,
2021-06-07 00:00:00,3252.12,3193.43,985.86,1896.800048828125,
2021-06-08 00:00:00,3247.83,3191.23,986.12,1892.199951171875,
2021-06-09 00:00:00,3216.18,3156.9,978.79,1893.199951171875,
2021-06-10 00:00:00,3224.64,3167.8,987.77,1894.199951171875,
2021-06-11 00:00:00,3249.32,3192.36,991.13,1877.4000244140625,
2021-06-14 00:00:00,3252.13,3197.38,997.41,1864.0,
2021-06-15 00:00:00,3258.63,3204.58,997.37,1854.5,
2021-06-16 00:00:00,3278.68,3222.95,998.49,1859.5,
2021-06-17 00:00:00,3264.96,3209.05,1003.72,1773.800048828125,
2021-06-18 00:00:00,3267.93,3210.57,1015.88,1767.9000244140625,
2021-06-21 00:00:00,3240.79,3187.66,1010.99,1781.800048828125,
2021-06-22 00:00:00,3263.88,3206.29,1011.56,1776.300048828125,
2021-06-23 00:00:00,3276.19,3224.94,1016.46,1782.300048828125,
2021-06-24 00:00:00,3286.1,3235.5,1012.62,1775.5999755859375,
2021-06-25 00:00:00,3302.84,3248.42,1012.13,1776.5999755859375,
2021-06-28 00:00:00,3301.89,3243.7,1017.91,1779.5999755859375,
2021-06-29 00:00:00,3286.68,3225.54,1022.52,1762.800048828125,
2021-06-30 00:00:00,3296.68,3234.06,1029.96,1770.800048828125,
2021-07-01 00:00:00,3282.06,3216.99,1035.64,1775.9000244140625,
2021-07-02 00:00:00,3281.78,3214.96,1038.18,1782.5999755859375,
2021-07-05 00:00:00,3293.21,3228.87,1047.33,1782.5999755859375,
2021-07-06 00:00:00,3305.21,3239.64,1044.96,1793.5,
2021-07-07 00:00:00,3285.34,3220.07,1047.36,1801.5,
2021-07-08 00:00:00,3252.68,3191.98,1034.48,1799.5999755859375,
2021-07-09 00:00:00,3217.95,3156.84,1028.93,1810.0,
2021-07-12 00:00:00,3246.47,3183.93,1034.64,1805.5,
2021-07-13 00:00:00,3271.38,3207.12,1043.31,1809.4000244140625,
2021-07-14 00:00:00,3264.81,3198.59,1044.98,1824.300048828125,
2021-07-15 00:00:00,3286.22,3219.49,1054.31,1828.4000244140625,
2021-07-16 00:00:00,3276.91,3208.38,1051.98,1814.5,
2021-07-19 00:00:00,3244.04,3174.8,1049.83,1808.699951171875,
2021-07-20 00:00:00,3232.7,3163.52,1043.64,1810.9000244140625,
2021-07-21 00:00:00,3215.91,3143.76,1042.03,1802.9000244140625,
2021-07-22 00:00:00,3250.21,3178.69,1050.25,1805.0,
2021-07-23 00:00:00,3254.42,3179.43,1055.5,1801.4000244140625,
2021-07-26 00:00:00,3224.95,3149.63,1047.63,1798.699951171875,
2021-07-27 00:00:00,3232.53,3156.5,1046.55,1799.5,
2021-07-28 00:00:00,3236.86,3162.83,1035.68,1799.5,
2021-07-29 00:00:00,3242.65,3164.64,1044.13,1831.199951171875,
2021-07-30 00:00:00,3202.32,3120.58,1031.14,1812.5999755859375,
2021-08-02 00:00:00,3223.04,3145.24,1037.8,1818.0999755859375,
2021-08-03 00:00:00,3237.14,3167.26,1036.11,1810.0999755859375,
2021-08-04 00:00:00,3280.38,3208.99,1047.93,1810.5,
2021-08-05 00:00:00,3276.13,3200.88,1059.54,1805.0999755859375,
2021-08-06 00:00:00,3270.36,3190.11,1059.8,1760.0,
2021-08-09 00:00:00,3260.42,3177.47,1060.0,1723.4000244140625,
2021-08-10 00:00:00,3243.19,3155.84,1052.07,1728.800048828125,
2021-08-11 00:00:00,3220.62,3132.56,1051.92,1750.4000244140625,
2021-08-12 00:00:00,3208.38,3115.88,1054.09,1749.0,
2021-08-13 00:00:00,3171.29,3073.55,1040.78,1775.199951171875,
2021-08-17 00:00:00,3143.09,3042.37,1011.05,1785.0,
2021-08-18 00:00:00,3158.93,3055.51,1021.08,1781.5999755859375,
2021-08-19 00:00:00,3097.83,2993.23,991.15,1780.199951171875,
2021-08-20 00:00:00,3060.51,2964.9,967.9,1781.0,
2021-08-23 00:00:00,3090.21,2991.26,993.18,1803.199951171875,
2021-08-24 00:00:00,3138.3,3041.74,1013.18,1805.5999755859375,
2021-08-25 00:00:00,3146.81,3052.93,1017.78,1788.199951171875,
2021-08-26 00:00:00,3128.53,3025.47,1020.44,1792.199951171875,
2021-08-27 00:00:00,3133.9,3023.65,1023.51,1816.5999755859375,
2021-08-30 00:00:00,3144.19,3031.21,1031.84,1809.0,
2021-08-31 00:00:00,3199.27,3093.99,1038.33,1815.0,
2021-09-01 00:00:00,3207.02,3092.88,1045.98,1813.0999755859375,
2021-09-02 00:00:00,3175.85,3061.39,1047.19,1808.699951171875,
2021-09-03 00:00:00,3201.06,3087.28,1053.85,1830.9000244140625,
2021-09-06 00:00:00,3203.33,3094.55,1052.96,1830.9000244140625,
2021-09-07 00:00:00,3187.42,3076.56,1054.43,1795.9000244140625,
2021-09-08 00:00:00,3162.99,3050.7,1037.22,1790.699951171875,
2021-09-09 00:00:00,3114.7,2995.85,1034.62,1797.4000244140625,
2021-09-10 00:00:00,3125.76,3010.09,1037.91,1789.5999755859375,
2021-09-13 00:00:00,3127.86,3016.74,1026.34,1792.0,
2021-09-14 00:00:00,3148.83,3030.82,1037.74,1804.699951171875,
2021-09-15 00:00:00,3153.4,3035.43,1042.79,1792.4000244140625,
2021-09-16 00:00:00,3130.09,3007.96,1039.43,1754.5999755859375,
2021-09-17 00:00:00,3140.51,3019.79,1046.12,1749.4000244140625,
2021-09-23 00:00:00,3127.58,3012.45,1036.26,1747.699951171875,
2021-09-24 00:00:00,3125.24,3008.42,1037.03,1749.699951171875,
2021-09-27 00:00:00,3133.64,3018.02,1034.82,1750.0,
2021-09-28 00:00:00,3097.92,2979.27,1012.51,1735.800048828125,
2021-09-29 00:00:00,3060.27,2939.16,1001.46,1721.5,
2021-09-30 00:00:00,3068.82,2949.27,1003.27,1755.300048828125,
2021-10-01 00:00:00,3019.18,2905.37,983.2,1757.0,
2021-10-05 00:00:00,2962.17,2852.46,955.37,1759.5999755859375,
2021-10-06 00:00:00,2908.31,2806.68,922.36,1760.5,
2021-10-07 00:00:00,2959.46,2850.93,953.43,1757.9000244140625,
2021-10-08 00:00:00,2956.3,2847.86,953.11,1756.300048828125,
2021-10-12 00:00:00,2916.38,2803.05,940.15,1758.300048828125,
2021-10-13 00:00:00,2944.41,2827.77,953.47,1793.699951171875,
2021-10-14 00:00:00,2988.64,2870.32,983.43,1796.699951171875,
2021-10-15 00:00:00,3015.06,2894.87,990.54,1767.199951171875,
2021-10-18 00:00:00,3006.68,2883.28,993.86,1764.800048828125,
2021-10-19 00:00:00,3029.04,2908.33,1005.35,1769.699951171875,
2021-10-20 00:00:00,3013.13,2894.75,1001.62,1784.0999755859375,
2021-10-21 00:00:00,3007.33,2891.08,993.7,1781.199951171875,
2021-10-22 00:00:00,3006.16,2892.12,995.07,1795.5,
2021-10-25 00:00:00,3020.54,2903.1,994.31,1806.0,
2021-10-26 00:00:00,3049.08,2932.65,1011.76,1792.699951171875,
2021-10-27 00:00:00,3025.49,2909.47,1008.95,1797.9000244140625,
2021-10-28 00:00:00,3009.55,2897.21,1000.13,1801.5999755859375,
2021-10-29 00:00:00,2970.68,2856.06,992.33,1783.0,
2021-11-01 00:00:00,2978.94,2866.2,998.57,1795.0999755859375,
2021-11-02 00:00:00,3013.49,2901.81,1009.44,1788.699951171875,
2021-11-03 00:00:00,2975.71,2865.51,1005.0,1763.5999755859375,
2021-11-04 00:00:00,2983.22,2882.75,1001.43,1793.0,
2021-11-05 00:00:00,2969.27,2874.22,1001.35,1816.4000244140625,
2021-11-08 00:00:00,2960.2,2865.17,1002.5,1827.4000244140625,
2021-11-09 00:00:00,2962.46,2867.65,1008.68,1830.199951171875,
2021-11-10 00:00:00,2930.17,2836.81,987.75,1847.5999755859375,
2021-11-11 00:00:00,2924.92,2831.97,992.65,1863.199951171875,
2021-11-12 00:00:00,2968.8,2866.97,1009.07,1867.9000244140625,
2021-11-15 00:00:00,2999.52,2897.58,1029.03,1866.0999755859375,
2021-11-16 00:00:00,2997.21,2896.29,1035.46,1853.5999755859375,
2021-11-17 00:00:00,2962.42,2858.21,1031.26,1869.699951171875,
2021-11-18 00:00:00,2947.38,2842.74,1032.77,1861.0,
2021-11-19 00:00:00,2971.02,2870.06,1041.92,1851.199951171875,
2021-11-22 00:00:00,3013.25,2928.28,1032.31,1806.0,
2021-11-23 00:00:00,2997.33,2907.65,1013.72,1783.5,
2021-11-24 00:00:00,2994.29,2902.18,1020.13,1784.0999755859375,
2021-11-25 00:00:00,2980.27,2879.05,1015.66,1784.0999755859375,
2021-11-26 00:00:00,2936.44,2834.92,1005.89,1785.300048828125,
2021-11-29 00:00:00,2909.32,2809.67,992.34,1782.300048828125,
2021-11-30 00:00:00,2839.01,2753.18,965.63,1773.5999755859375,
2021-12-01 00:00:00,2899.72,2823.91,977.15,1781.5999755859375,
2021-12-02 00:00:00,2945.27,2869.0,977.43,1760.699951171875,
2021-12-03 00:00:00,2968.33,2885.37,998.47,1782.0,
2021-12-06 00:00:00,2973.25,2893.38,991.87,1777.5,
2021-12-07 00:00:00,2991.72,2912.68,996.64,1782.5999755859375,
2021-12-08 00:00:00,3001.8,2925.8,1006.04,1783.4000244140625,
2021-12-09 00:00:00,3029.57,2953.5,1022.87,1774.5999755859375,
2021-12-10 00:00:00,3010.23,2933.68,1011.57,1782.9000244140625,
2021-12-13 00:00:00,3001.66,2926.89,1005.96,1786.300048828125,
2021-12-14 00:00:00,2987.95,2916.55,1002.81,1770.4000244140625,
2021-12-15 00:00:00,2989.39,2920.59,1003.52,1762.5999755859375,
2021-12-16 00:00:00,3006.41,2940.26,1007.86,1796.5999755859375,
2021-12-17 00:00:00,3017.73,2950.7,1001.26,1803.800048828125,
2021-12-20 00:00:00,2963.0,2894.43,990.51,1793.699951171875,
2021-12-21 00:00:00,2975.03,2909.64,996.6,1787.9000244140625,
2021-12-22 00:00:00,2984.48,2919.34,1000.13,1801.5999755859375,
2021-12-23 00:00:00,2998.17,2935.74,1003.31,1811.199951171875,
2021-12-24 00:00:00,3012.43,2950.81,1007.42,1811.199951171875,
2021-12-27 00:00:00,2999.55,2936.87,1011.36,1808.0999755859375,
2021-12-28 00:00:00,3020.24,2955.49,1027.44,1810.199951171875,
2021-12-29 00:00:00,2993.29,2923.47,1028.05,1805.0999755859375,
2021-12-30 00:00:00,2977.65,2905.03,1033.98,1812.699951171875,
2022-01-03 00:00:00,2988.77,2915.72,1037.83,1799.4000244140625,
2022-01-04 00:00:00,2989.24,2912.84,1031.66,1814.0,
2022-01-05 00:00:00,2953.97,2878.49,1009.62,1824.5999755859375,
2022-01-06 00:00:00,2920.53,2847.69,980.3,1788.699951171875,
2022-01-07 00:00:00,2954.89,2884.18,995.16,1797.0,
2022-01-10 00:00:00,2926.72,2859.59,980.38,1798.4000244140625,
2022-01-11 00:00:00,2927.38,2870.39,969.92,1818.5999755859375,
2022-01-12 00:00:00,2972.48,2915.34,991.33,1827.199951171875,
2022-01-13 00:00:00,2962.09,2906.35,983.25,1821.199951171875,
2022-01-14 00:00:00,2921.92,2865.22,971.39,1816.5,
2022-01-17 00:00:00,2890.1,2835.36,957.9,1816.5,
2022-01-18 00:00:00,2864.24,2813.91,943.94,1812.300048828125,
2022-01-19 00:00:00,2842.28,2795.7,933.9,1843.0999755859375,
2022-01-20 00:00:00,2862.68,2811.38,958.7,1842.5,
2022-01-21 00:00:00,2834.29,2781.58,942.85,1831.800048828125,
2022-01-24 00:00:00,2792.0,2745.83,915.4,1841.699951171875,
2022-01-25 00:00:00,2720.39,2679.64,889.44,1852.699951171875,
2022-01-26 00:00:00,2709.24,2667.03,882.09,1829.9000244140625,
2022-01-27 00:00:00,2614.49,2574.9,849.23,1793.300048828125,
2022-01-28 00:00:00,2663.34,2644.18,872.87,1784.9000244140625,
2022-02-03 00:00:00,2707.82,2673.41,891.6,1803.0,
2022-02-04 00:00:00,2750.26,2705.27,902.87,1806.5999755859375,
2022-02-07 00:00:00,2745.06,2676.29,899.4,1820.5999755859375,
2022-02-08 00:00:00,2746.47,2683.12,895.27,1826.5999755859375,
2022-02-09 00:00:00,2768.85,2717.98,910.53,1835.199951171875,
2022-02-10 00:00:00,2771.93,2741.31,895.68,1836.199951171875,
2022-02-11 00:00:00,2747.71,2719.86,877.42,1840.800048828125,
2022-02-14 00:00:00,2704.48,2680.13,852.79,1868.0,
2022-02-15 00:00:00,2676.54,2658.51,839.92,1854.800048828125,
2022-02-16 00:00:00,2729.68,2708.26,878.15,1870.199951171875,
2022-02-17 00:00:00,2744.09,2723.87,874.22,1900.699951171875,
2022-02-18 00:00:00,2744.52,2717.11,881.71,1898.5999755859375,
2022-02-21 00:00:00,2743.8,2715.36,884.25,1898.5999755859375,
2022-02-22 00:00:00,2706.79,2681.81,868.11,1906.0999755859375,
2022-02-23 00:00:00,2719.53,2687.01,877.33,1909.199951171875,
2022-02-24 00:00:00,2648.8,2618.31,848.21,1925.0999755859375,
2022-02-25 00:00:00,2676.76,2640.4,872.98,1886.5,
2022-02-28 00:00:00,2699.18,2665.5,881.07,1899.4000244140625,
2022-03-02 00:00:00,2703.52,2658.57,895.45,1920.9000244140625,
2022-03-03 00:00:00,2747.08,2707.07,912.32,1934.4000244140625,
2022-03-04 00:00:00,2713.43,2668.91,900.96,1965.0999755859375,
2022-03-07 00:00:00,2651.31,2608.52,881.54,1993.9000244140625,
2022-03-08 00:00:00,2622.4,2584.4,870.14,2040.0999755859375,
2022-03-10 00:00:00,2680.32,2645.12,889.08,1998.0999755859375,
2022-03-11 00:00:00,2661.28,2614.93,891.71,1982.699951171875,
2022-03-14 00:00:00,2645.65,2603.72,872.44,1959.5999755859375,
2022-03-15 00:00:00,2621.53,2579.64,871.22,1928.5,
2022-03-16 00:00:00,2659.23,2616.98,891.8,1908.0,
2022-03-17 00:00:00,2694.51,2656.34,914.13,1942.0999755859375,
2022-03-18 00:00:00,2707.02,2667.11,922.96,1928.199951171875,
2022-03-21 00:00:00,2686.05,2642.96,918.4,1928.5999755859375,
2022-03-22 00:00:00,2710.0,2666.9,924.67,1920.699951171875,
2022-03-23 00:00:00,2735.05,2693.94,930.57,1936.5999755859375,
2022-03-24 00:00:00,2729.66,2684.99,931.75,1961.5999755859375,
2022-03-25 00:00:00,2729.98,2686.74,934.69,1953.800048828125,
2022-03-28 00:00:00,2729.56,2685.37,927.11,1939.5999755859375,
2022-03-29 00:00:00,2741.07,2700.86,937.83,1912.0,
2022-03-30 00:00:00,2746.74,2706.83,939.07,1933.5,
2022-03-31 00:00:00,2757.65,2714.02,944.53,1949.199951171875,
2022-04-01 00:00:00,2739.85,2693.73,940.57,1919.0999755859375,
2022-04-04 00:00:00,2757.9,2709.92,947.32,1929.199951171875,
2022-04-05 00:00:00,2759.2,2710.61,952.47,1922.9000244140625,
2022-04-06 00:00:00,2735.03,2683.61,943.13,1918.4000244140625,
2022-04-07 00:00:00,2695.86,2643.7,927.95,1933.800048828125,
2022-04-08 00:00:00,2700.39,2648.67,934.73,1941.5999755859375,
2022-04-11 00:00:00,2693.1,2640.18,921.83,1944.300048828125,
2022-04-12 00:00:00,2666.76,2612.31,913.82,1972.0999755859375,
2022-04-13 00:00:00,2716.49,2665.78,927.31,1981.0,
2022-04-14 00:00:00,2716.71,2661.28,928.01,1970.9000244140625,
2022-04-15 00:00:00,2696.06,2636.55,924.44,1970.9000244140625,
2022-04-18 00:00:00,2693.21,2632.19,918.23,1982.9000244140625,
2022-04-19 00:00:00,2718.89,2658.27,931.56,1955.699951171875,
2022-04-20 00:00:00,2718.69,2655.14,928.93,1952.300048828125,
2022-04-21 00:00:00,2728.21,2664.44,929.68,1944.9000244140625,
2022-04-22 00:00:00,2704.71,2638.03,922.78,1931.0,
2022-04-25 00:00:00,2657.13,2592.56,899.84,1893.199951171875,
2022-04-26 00:00:00,2668.31,2604.24,911.16,1901.4000244140625,
2022-04-27 00:00:00,2639.06,2575.03,896.18,1885.9000244140625,
2022-04-28 00:00:00,2667.49,2606.16,892.22,1888.699951171875,
2022-04-29 00:00:00,2695.05,2635.31,904.75,1909.300048828125,
2022-05-02 00:00:00,2687.45,2625.59,901.82,1861.800048828125,
2022-05-03 00:00:00,2680.46,2618.23,907.57,1868.800048828125,
2022-05-04 00:00:00,2677.57,2617.78,900.06,1867.0,
2022-05-06 00:00:00,2644.51,2581.53,884.22,1881.199951171875,
2022-05-09 00:00:00,2610.81,2554.85,860.84,1857.0999755859375,
2022-05-10 00:00:00,2596.56,2541.36,856.14,1839.9000244140625,
2022-05-11 00:00:00,2592.27,2537.69,866.34,1852.5999755859375,
2022-05-12 00:00:00,2550.08,2497.36,833.66,1823.800048828125,
2022-05-13 00:00:00,2604.24,2552.47,853.08,1807.4000244140625,
2022-05-16 00:00:00,2596.58,2540.84,856.25,1813.5,
2022-05-17 00:00:00,2620.44,2566.81,865.98,1818.199951171875,
2022-05-18 00:00:00,2625.98,2575.46,871.57,1815.9000244140625,
2022-05-19 00:00:00,2592.34,2544.06,863.8,1841.199951171875,
2022-05-20 00:00:00,2639.29,2594.06,879.88,1841.800048828125,
2022-05-23 00:00:00,2647.38,2603.01,883.59,1847.800048828125,
2022-05-24 00:00:00,2605.87,2560.35,865.07,1865.0999755859375,
2022-05-25 00:00:00,2617.22,2570.5,872.69,1846.199951171875,
2022-05-26 00:00:00,2612.45,2563.77,871.43,1847.4000244140625,
2022-05-27 00:00:00,2638.05,2589.42,873.97,1851.300048828125,
2022-05-30 00:00:00,2669.66,2621.53,886.44,1851.300048828125,
2022-05-31 00:00:00,2685.9,2638.4,893.36,1842.699951171875,
2022-06-02 00:00:00,2658.99,2609.02,891.14,1866.5,
2022-06-03 00:00:00,2670.65,2618.97,891.51,1845.4000244140625,
2022-06-07 00:00:00,2626.34,2572.51,873.78,1847.5,
2022-06-08 00:00:00,2626.15,2572.64,874.95,1851.9000244140625,
2022-06-09 00:00:00,2625.44,2573.47,877.18,1848.800048828125,
2022-06-10 00:00:00,2595.87,2542.05,869.86,1871.5,
2022-06-13 00:00:00,2504.51,2455.26,828.77,1828.0,
2022-06-14 00:00:00,2492.97,2447.39,823.58,1809.5,
2022-06-15 00:00:00,2447.38,2405.85,799.41,1815.300048828125,
2022-06-16 00:00:00,2451.41,2411.0,802.15,1845.699951171875,
2022-06-17 00:00:00,2440.93,2401.7,798.69,1835.5999755859375,
2022-06-20 00:00:00,2391.03,2357.38,769.92,1835.5999755859375,
2022-06-21 00:00:00,2408.93,2371.41,778.3,1834.5999755859375,
2022-06-22 00:00:00,2342.81,2311.24,746.96,1834.300048828125,
2022-06-23 00:00:00,2314.32,2292.8,714.38,1825.699951171875,
2022-06-24 00:00:00,2366.6,2338.85,750.3,1826.5,
2022-06-27 00:00:00,2401.92,2369.41,770.6,1820.9000244140625,
2022-06-28 00:00:00,2422.09,2388.81,769.51,1817.5,
2022-06-29 00:00:00,2377.99,2338.03,762.35,1813.699951171875,
2022-06-30 00:00:00,2332.64,2290.09,745.44,1804.0999755859375,
2022-07-01 00:00:00,2305.42,2261.44,729.48,1798.9000244140625,
2022-07-04 00:00:00,2300.34,2262.99,722.73,1798.9000244140625,
2022-07-05 00:00:00,2341.78,2303.29,750.95,1761.800048828125,
2022-07-06 00:00:00,2292.01,2256.2,744.63,1734.9000244140625,
2022-07-07 00:00:00,2334.27,2301.08,757.97,1737.9000244140625,
2022-07-08 00:00:00,2350.61,2317.37,766.48,1740.5999755859375,
2022-07-11 00:00:00,2340.27,2308.27,767.04,1730.0,
2022-07-12 00:00:00,2317.76,2290.49,750.78,1723.300048828125,
2022-07-13 00:00:00,2328.61,2300.27,763.18,1734.199951171875,
2022-07-14 00:00:00,2322.32,2292.21,766.08,1704.5,
2022-07-15 00:00:00,2330.98,2305.85,762.39,1702.4000244140625,
2022-07-18 00:00:00,2375.25,2349.27,776.72,1709.199951171875,
2022-07-19 00:00:00,2370.97,2340.54,782.33,1710.0,
2022-07-20 00:00:00,2386.85,2356.01,790.72,1699.5,
2022-07-21 00:00:00,2409.16,2382.29,795.15,1712.699951171875,
2022-07-22 00:00:00,2393.14,2362.87,789.75,1727.0999755859375,
2022-07-25 00:00:00,2403.69,2374.5,789.69,1719.0,
2022-07-26 00:00:00,2412.96,2383.68,789.93,1717.699951171875,
2022-07-27 00:00:00,2415.53,2385.43,795.7,1719.0999755859375,
2022-07-28 00:00:00,2435.27,2407.46,798.32,1750.300048828125,
2022-07-29 00:00:00,2451.5,2419.01,803.62,1762.9000244140625,
2022-08-01 00:00:00,2452.25,2417.99,807.61,1769.0,
2022-08-02 00:00:00,2439.62,2405.67,804.34,1771.0999755859375,
2022-08-03 00:00:00,2461.45,2429.08,815.36,1758.0,
2022-08-04 00:00:00,2473.11,2442.57,825.16,1788.5,
2022-08-05 00:00:00,2490.8,2459.95,831.64,1772.9000244140625,
2022-08-08 00:00:00,2493.1,2459.2,830.86,1786.800048828125,
2022-08-09 00:00:00,2503.46,2470.14,833.65,1794.0,
2022-08-10 00:00:00,2480.88,2444.02,820.27,1795.5999755859375,
2022-08-11 00:00:00,2523.78,2487.6,832.15,1789.699951171875,
2022-08-12 00:00:00,2527.94,2489.73,831.63,1798.5999755859375,
2022-08-16 00:00:00,2533.52,2496.75,834.74,1773.199951171875,
2022-08-17 00:00:00,2516.47,2479.35,827.42,1760.300048828125,
2022-08-18 00:00:00,2508.05,2470.08,826.06,1755.300048828125,
2022-08-19 00:00:00,2492.69,2454.25,814.17,1747.5999755859375,
2022-08-22 00:00:00,2462.5,2424.87,795.87,1734.0,
2022-08-23 00:00:00,2435.34,2395.6,783.42,1746.800048828125,
2022-08-24 00:00:00,2447.45,2404.38,793.14,1747.800048828125,
2022-08-25 00:00:00,2477.26,2434.97,807.37,1757.699951171875,
2022-08-26 00:00:00,2481.03,2438.0,802.45,1736.0999755859375,
2022-08-29 00:00:00,2426.89,2383.42,779.89,1736.5999755859375,
2022-08-30 00:00:00,2450.93,2407.94,797.02,1723.199951171875,
2022-08-31 00:00:00,2472.05,2430.78,807.04,1712.800048828125,
2022-09-01 00:00:00,2415.61,2375.23,788.32,1696.5999755859375,
2022-09-02 00:00:00,2409.41,2368.21,785.88,1709.800048828125,
2022-09-05 00:00:00,2403.68,2363.02,771.43,1709.800048828125,
2022-09-06 00:00:00,2410.02,2366.14,779.46,1700.4000244140625,
2022-09-07 00:00:00,2376.46,2334.45,768.19,1715.300048828125,
2022-09-08 00:00:00,2384.28,2341.39,777.81,1708.0,
2022-09-13 00:00:00,2449.54,2411.12,796.79,1705.0,
2022-09-14 00:00:00,2411.42,2371.92,782.93,1696.5,
2022-09-15 00:00:00,2401.83,2359.47,781.38,1665.4000244140625,
2022-09-16 00:00:00,2382.78,2343.01,770.04,1671.699951171875,
2022-09-19 00:00:00,2355.66,2318.98,751.91,1666.199951171875,
2022-09-20 00:00:00,2367.85,2327.69,760.35,1659.699951171875,
2022-09-21 00:00:00,2347.21,2305.78,754.89,1664.5999755859375,
2022-09-22 00:00:00,2332.31,2289.14,751.41,1670.800048828125,
2022-09-23 00:00:00,2290.0,2250.81,729.36,1645.300048828125,
2022-09-26 00:00:00,2220.94,2189.3,692.37,1623.300048828125,
2022-09-27 00:00:00,2223.86,2191.3,698.11,1626.699951171875,
2022-09-28 00:00:00,2169.29,2139.16,673.87,1660.4000244140625,
2022-09-29 00:00:00,2170.93,2141.51,675.07,1658.5,
2022-09-30 00:00:00,2155.49,2126.99,672.65,1662.4000244140625,
2022-10-04 00:00:00,2209.38,2180.37,696.79,1721.0999755859375,
2022-10-05 00:00:00,2215.22,2192.18,685.34,1711.4000244140625,
2022-10-06 00:00:00,2237.86,2211.88,706.01,1711.699951171875,
2022-10-07 00:00:00,2232.84,2207.84,698.49,1700.5,
2022-10-11 00:00:00,2192.07,2175.41,669.5,1678.699951171875,
2022-10-12 00:00:00,2202.47,2186.52,671.67,1670.300048828125,
2022-10-13 00:00:00,2162.87,2152.52,651.59,1670.0,
2022-10-14 00:00:00,2212.55,2198.91,678.24,1641.699951171875,
2022-10-17 00:00:00,2219.71,2206.29,682.0,1657.0,
2022-10-18 00:00:00,2249.95,2232.76,697.09,1649.0,
2022-10-19 00:00:00,2237.44,2220.72,690.56,1627.5,
2022-10-20 00:00:00,2218.09,2200.43,680.44,1630.800048828125,
2022-10-21 00:00:00,2213.12,2201.09,674.48,1651.0,
2022-10-24 00:00:00,2236.16,2224.51,688.5,1648.699951171875,
2022-10-25 00:00:00,2235.07,2226.85,688.85,1652.800048828125,
2022-10-26 00:00:00,2249.56,2247.04,683.17,1664.0,
2022-10-27 00:00:00,2288.78,2284.44,695.09,1660.699951171875,
2022-10-28 00:00:00,2268.4,2259.29,687.63,1639.5999755859375,
2022-10-31 00:00:00,2293.61,2288.77,695.33,1635.9000244140625,
2022-11-01 00:00:00,2335.22,2329.99,700.05,1645.0,
2022-11-02 00:00:00,2336.87,2332.39,697.37,1645.699951171875,
2022-11-03 00:00:00,2329.17,2323.94,694.13,1627.300048828125,
2022-11-04 00:00:00,2348.43,2343.8,693.89,1672.5,
2022-11-07 00:00:00,2371.79,2367.95,700.48,1676.5,
2022-11-08 00:00:00,2399.04,2397.5,713.33,1712.0999755859375,
2022-11-09 00:00:00,2424.41,2422.56,714.6,1710.0999755859375,
2022-11-10 00:00:00,2402.23,2397.75,707.78,1750.300048828125,
2022-11-11 00:00:00,2483.16,2484.99,731.22,1766.0,
2022-11-14 00:00:00,2474.65,2470.84,729.54,1773.5999755859375,
2022-11-15 00:00:00,2480.33,2473.1,744.96,1773.800048828125,
2022-11-16 00:00:00,2477.45,2467.71,743.1,1773.0,
2022-11-17 00:00:00,2442.9,2430.63,737.54,1760.800048828125,
2022-11-18 00:00:00,2444.48,2434.48,731.92,1751.9000244140625,
2022-11-21 00:00:00,2419.5,2409.02,718.57,1737.4000244140625,
2022-11-22 00:00:00,2405.27,2392.34,712.26,1738.300048828125,
2022-11-23 00:00:00,2418.01,2401.94,725.59,1744.9000244140625,
2022-11-24 00:00:00,2441.33,2426.39,738.22,1744.9000244140625,
2022-11-25 00:00:00,2437.86,2421.31,733.56,1753.300048828125,
2022-11-28 00:00:00,2408.27,2391.13,717.9,1740.0999755859375,
2022-11-29 00:00:00,2433.39,2415.79,727.54,1748.4000244140625,
2022-11-30 00:00:00,2472.53,2460.29,729.54,1746.0,
2022-12-01 00:00:00,2479.84,2464.98,740.6,1801.0999755859375,
2022-12-02 00:00:00,2434.33,2415.65,732.95,1795.9000244140625,
2022-12-05 00:00:00,2419.32,2397.72,733.32,1767.4000244140625,
2022-12-06 00:00:00,2393.16,2373.36,719.44,1769.300048828125,
2022-12-07 00:00:00,2382.81,2360.82,718.14,1785.5,
2022-12-08 00:00:00,2371.08,2350.01,712.52,1788.699951171875,
2022-12-09 00:00:00,2389.04,2366.11,719.49,1798.0999755859375,
2022-12-12 00:00:00,2373.02,2348.05,715.22,1780.5,
2022-12-13 00:00:00,2372.4,2346.17,715.16,1813.9000244140625,
2022-12-14 00:00:00,2399.25,2374.83,729.0,1807.5,
2022-12-15 00:00:00,2360.97,2330.75,722.68,1777.199951171875,
2022-12-16 00:00:00,2360.02,2332.36,717.41,1790.0,
2022-12-19 00:00:00,2352.17,2324.66,717.22,1787.699951171875,
2022-12-20 00:00:00,2333.29,2307.49,703.13,1815.9000244140625,
2022-12-21 00:00:00,2328.95,2298.96,705.7,1815.9000244140625,
2022-12-22 00:00:00,2356.73,2327.11,715.02,1787.0,
2022-12-23 00:00:00,2313.69,2284.07,691.25,1795.9000244140625,
2022-12-26 00:00:00,2317.14,2287.97,694.68,1795.9000244140625,
2022-12-27 00:00:00,2332.79,2300.65,704.19,1814.800048828125,
2022-12-28 00:00:00,2280.45,2245.14,692.37,1807.9000244140625,
2022-12-29 00:00:00,2236.4,2203.44,679.29,1819.5,
2023-01-02 00:00:00,2225.67,2199.54,671.51,1819.5,
2023-01-03 00:00:00,2218.68,2192.5,674.95,1839.699951171875,
2023-01-04 00:00:00,2255.98,2234.07,683.67,1852.800048828125,
2023-01-05 00:00:00,2264.65,2242.73,679.92,1834.800048828125,
2023-01-06 00:00:00,2289.97,2269.99,688.94,1864.199951171875,
2023-01-09 00:00:00,2350.19,2331.64,701.21,1872.699951171875,
2023-01-10 00:00:00,2351.31,2331.92,696.05,1871.5999755859375,
2023-01-11 00:00:00,2359.53,2338.83,709.77,1874.5999755859375,
2023-01-12 00:00:00,2365.1,2343.86,710.82,1895.5,
2023-01-13 00:00:00,2386.09,2367.12,711.82,1918.4000244140625,
2023-01-16 00:00:00,2399.86,2380.94,716.89,1918.4000244140625,
2023-01-17 00:00:00,2379.39,2358.12,709.71,1907.199951171875,
2023-01-18 00:00:00,2368.32,2346.29,711.75,1904.4000244140625,
2023-01-19 00:00:00,2380.34,2358.86,712.89,1922.0999755859375,
2023-01-20 00:00:00,2395.26,2374.06,717.97,1926.4000244140625,
2023-01-25 00:00:00,2428.57,2413.06,732.35,1941.199951171875,
2023-01-26 00:00:00,2468.65,2457.63,738.94,1929.0999755859375,
2023-01-27 00:00:00,2484.02,2473.46,741.25,1928.5999755859375,
2023-01-30 00:00:00,2450.47,2437.73,738.62,1922.9000244140625,
2023-01-31 00:00:00,2425.08,2402.44,740.49,1929.5,
2023-02-01 00:00:00,2449.8,2431.7,750.96,1927.800048828125,
2023-02-02 00:00:00,2468.88,2453.32,764.62,1916.300048828125,
2023-02-03 00:00:00,2480.4,2466.77,766.79,1862.9000244140625,
2023-02-06 00:00:00,2438.19,2416.23,761.33,1866.199951171875,
2023-02-07 00:00:00,2451.71,2433.22,772.79,1871.699951171875,
2023-02-08 00:00:00,2483.64,2468.05,779.98,1877.4000244140625,
2023-02-09 00:00:00,2481.52,2466.27,784.58,1866.199951171875,
2023-02-10 00:00:00,2469.73,2453.72,772.44,1862.800048828125,
2023-02-13 00:00:00,2452.7,2434.59,772.55,1851.9000244140625,
2023-02-14 00:00:00,2465.64,2448.55,779.58,1854.0,
2023-02-15 00:00:00,2427.9,2410.84,765.46,1834.199951171875,
2023-02-16 00:00:00,2475.48,2460.18,784.71,1842.0,
2023-02-17 00:00:00,2451.21,2431.18,775.62,1840.4000244140625,
2023-02-20 00:00:00,2455.12,2432.02,788.89,1840.4000244140625,
2023-02-21 00:00:00,2458.96,2433.55,793.42,1833.0,
2023-02-22 00:00:00,2417.68,2390.38,778.51,1832.0,
2023-02-23 00:00:00,2439.09,2412.36,783.28,1818.0,
2023-02-24 00:00:00,2423.61,2397.23,778.88,1808.800048828125,
2023-02-27 00:00:00,2402.64,2375.41,780.3,1817.0,
2023-02-28 00:00:00,2412.85,2385.78,791.6,1828.9000244140625,
2023-03-02 00:00:00,2427.85,2398.98,787.19,1833.5,
2023-03-03 00:00:00,2432.07,2402.52,802.42,1847.699951171875,
2023-03-06 00:00:00,2462.62,2438.41,816.51,1847.9000244140625,
2023-03-07 00:00:00,2463.35,2436.98,815.76,1813.9000244140625,
2023-03-08 00:00:00,2431.91,2403.13,813.95,1812.699951171875,
2023-03-09 00:00:00,2419.09,2387.32,809.22,1829.300048828125,
2023-03-10 00:00:00,2394.59,2366.92,788.6,1862.0,
2023-03-13 00:00:00,2410.6,2389.34,788.89,1911.699951171875,
2023-03-14 00:00:00,2348.97,2331.52,758.05,1906.199951171875,
2023-03-15 00:00:00,2379.72,2360.11,781.17,1926.5999755859375,
2023-03-16 00:00:00,2377.91,2361.72,781.98,1919.0,
2023-03-17 00:00:00,2395.69,2379.57,797.39,1969.800048828125,
2023-03-20 00:00:00,2379.2,2358.85,802.2,1979.199951171875,
2023-03-21 00:00:00,2388.35,2365.43,802.53,1938.0,
2023-03-22 00:00:00,2416.96,2399.19,813.43,1946.800048828125,
2023-03-23 00:00:00,2424.48,2410.12,812.19,1993.800048828125,
2023-03-24 00:00:00,2414.96,2397.24,824.11,1982.0999755859375,
2023-03-27 00:00:00,2409.22,2388.93,827.69,1952.4000244140625,
2023-03-28 00:00:00,2434.94,2413.22,833.51,1972.4000244140625,
2023-03-29 00:00:00,2443.92,2418.76,843.94,1966.0999755859375,
2023-03-30 00:00:00,2453.16,2425.95,850.48,1980.300048828125,
2023-03-31 00:00:00,2476.86,2451.06,847.52,1969.0,
2023-04-03 00:00:00,2472.34,2441.66,854.96,1983.9000244140625,
2023-04-04 00:00:00,2480.51,2448.67,857.18,2022.199951171875,
2023-04-05 00:00:00,2495.21,2466.15,872.36,2020.9000244140625,
2023-04-06 00:00:00,2459.23,2427.63,865.58,2011.9000244140625,
2023-04-07 00:00:00,2490.41,2462.24,880.07,2011.9000244140625,
2023-04-10 00:00:00,2512.08,2489.21,887.78,1989.0999755859375,
2023-04-11 00:00:00,2547.86,2526.01,898.94,2004.800048828125,
2023-04-12 00:00:00,2550.64,2527.89,890.62,2010.9000244140625,
2023-04-13 00:00:00,2561.66,2538.98,894.25,2041.300048828125,
2023-04-14 00:00:00,2571.49,2546.41,903.84,2002.199951171875,
2023-04-17 00:00:00,2575.91,2547.36,909.5,1994.199951171875,
2023-04-18 00:00:00,2571.09,2543.31,909.02,2007.4000244140625,
2023-04-19 00:00:00,2575.08,2543.97,909.2,1995.199951171875,
2023-04-20 00:00:00,2563.11,2535.4,885.71,2007.5999755859375,
2023-04-21 00:00:00,2544.4,2518.59,868.82,1979.5,
2023-04-24 00:00:00,2523.5,2503.03,855.23,1989.0999755859375,
2023-04-25 00:00:00,2489.02,2468.83,838.71,1994.0,
2023-04-26 00:00:00,2484.83,2468.27,830.44,1985.699951171875,
2023-04-27 00:00:00,2495.81,2481.86,850.21,1989.9000244140625,
2023-04-28 00:00:00,2501.53,2490.15,842.83,1990.0999755859375,
2023-05-02 00:00:00,2524.39,2510.96,855.61,2014.300048828125,
2023-05-03 00:00:00,2501.4,2486.5,843.18,2028.5999755859375,
2023-05-04 00:00:00,2500.94,2485.21,845.06,2048.0,
2023-05-08 00:00:00,2513.21,2499.18,842.28,2026.300048828125,
2023-05-09 00:00:00,2510.06,2497.02,835.85,2036.199951171875,
2023-05-10 00:00:00,2496.51,2482.07,829.74,2030.5,
2023-05-11 00:00:00,2491.0,2473.08,824.54,2014.699951171875,
2023-05-12 00:00:00,2475.42,2459.33,822.43,2014.5,
2023-05-15 00:00:00,2479.35,2464.9,814.53,2018.0,
2023-05-16 00:00:00,2480.24,2468.96,816.75,1988.4000244140625,
2023-05-17 00:00:00,2494.66,2484.65,834.19,1980.699951171875,
2023-05-18 00:00:00,2515.4,2506.37,835.89,1956.5,
2023-05-19 00:00:00,2537.79,2530.84,841.72,1978.699951171875,
2023-05-22 00:00:00,2557.08,2549.5,852.04,1974.800048828125,
2023-05-23 00:00:00,2567.55,2560.3,859.16,1972.4000244140625,
2023-05-24 00:00:00,2567.45,2559.93,855.46,1962.800048828125,
2023-05-25 00:00:00,2554.69,2549.72,847.72,1943.0999755859375,
2023-05-26 00:00:00,2558.81,2559.43,843.23,1944.0999755859375,
2023-05-30 00:00:00,2585.52,2590.27,851.5,1958.0,
2023-05-31 00:00:00,2577.12,2580.53,856.94,1963.9000244140625,
2023-06-01 00:00:00,2569.17,2570.3,863.78,1978.0,
2023-06-02 00:00:00,2601.36,2604.71,868.06,1952.4000244140625,
2023-06-05 00:00:00,2615.41,2616.49,870.28,1958.0,
2023-06-07 00:00:00,2615.6,2616.18,880.72,1942.699951171875,
2023-06-08 00:00:00,2610.85,2608.42,876.13,1963.5999755859375,
2023-06-09 00:00:00,2641.16,2641.35,883.71,1962.199951171875,
2023-06-12 00:00:00,2629.35,2627.67,885.76,1955.300048828125,
2023-06-13 00:00:00,2637.95,2637.02,896.81,1944.5999755859375,
2023-06-14 00:00:00,2619.08,2618.14,871.83,1955.300048828125,
2023-06-15 00:00:00,2608.54,2606.69,878.04,1957.800048828125,
2023-06-16 00:00:00,2625.79,2621.67,887.95,1958.4000244140625,
2023-06-19 00:00:00,2609.5,2598.92,888.61,1958.4000244140625,
2023-06-20 00:00:00,2604.91,2592.62,886.41,1935.5,
2023-06-21 00:00:00,2582.63,2570.6,875.7,1933.300048828125,
2023-06-22 00:00:00,2593.7,2584.15,876.38,1912.699951171875,
2023-06-23 00:00:00,2570.1,2562.63,874.84,1919.0999755859375,
2023-06-26 00:00:00,2582.2,2577.18,879.5,1923.699951171875,
2023-06-27 00:00:00,2581.39,2574.51,874.14,1914.0,
2023-06-28 00:00:00,2564.19,2554.65,866.97,1912.300048828125,
2023-06-29 00:00:00,2550.02,2544.54,861.79,1909.199951171875,
2023-06-30 00:00:00,2564.28,2555.81,868.24,1921.0999755859375,
2023-07-03 00:00:00,2602.47,2597.13,889.29,1921.699951171875,
2023-07-04 00:00:00,2593.31,2587.82,890.0,1921.699951171875,
2023-07-05 00:00:00,2579.0,2569.85,891.18,1919.5999755859375,
2023-07-06 00:00:00,2556.29,2550.6,870.53,1908.699951171875,
2023-07-07 00:00:00,2526.71,2516.61,867.27,1926.199951171875,
2023-07-10 00:00:00,2520.7,2508.04,860.35,1925.0,
2023-07-11 00:00:00,2562.49,2547.92,878.73,1931.300048828125,
2023-07-12 00:00:00,2574.72,2560.49,879.88,1956.199951171875,
2023-07-13 00:00:00,2591.23,2576.44,893.07,1959.199951171875,
2023-07-14 00:00:00,2628.3,2617.04,896.28,1960.0999755859375,
2023-07-17 00:00:00,2619.0,2606.07,898.29,1952.4000244140625,
2023-07-18 00:00:00,2607.62,2596.47,914.14,1977.199951171875,
2023-07-19 00:00:00,2608.24,2600.51,923.72,1977.5,
2023-07-20 00:00:00,2600.23,2588.52,931.6,1968.300048828125,
2023-07-21 00:00:00,2609.76,2599.62,934.58,1964.300048828125,
2023-07-24 00:00:00,2628.53,2625.33,929.9,1960.300048828125,
2023-07-25 00:00:00,2636.46,2631.01,939.96,1962.0999755859375,
2023-07-26 00:00:00,2592.36,2599.27,900.63,1968.9000244140625,
2023-07-27 00:00:00,2603.81,2610.76,883.79,1945.4000244140625,
2023-07-28 00:00:00,2608.32,2608.37,913.74,1960.4000244140625,
2023-07-31 00:00:00,2632.58,2624.8,935.97,1970.5,
2023-08-01 00:00:00,2667.07,2662.57,939.67,1940.699951171875,
2023-08-02 00:00:00,2616.47,2608.61,909.76,1937.4000244140625,
2023-08-03 00:00:00,2605.39,2595.92,920.32,1932.0,
2023-08-04 00:00:00,2602.8,2591.16,918.43,1939.5999755859375,
2023-08-07 00:00:00,2580.71,2567.53,898.22,1933.5,
2023-08-08 00:00:00,2573.98,2561.91,892.34,1924.0999755859375,
2023-08-09 00:00:00,2605.12,2595.49,908.98,1915.4000244140625,
2023-08-10 00:00:00,2601.56,2588.12,911.29,1914.4000244140625,
2023-08-11 00:00:00,2591.26,2572.99,912.2,1912.9000244140625,
2023-08-14 00:00:00,2570.87,2551.29,901.68,1910.5999755859375,
2023-08-16 00:00:00,2525.64,2509.99,878.29,1896.0999755859375,
2023-08-17 00:00:00,2519.85,2506.99,886.04,1884.0999755859375,
2023-08-18 00:00:00,2504.5,2489.22,877.32,1886.0999755859375,
2023-08-21 00:00:00,2508.8,2492.99,888.71,1893.300048828125,
2023-08-22 00:00:00,2515.74,2502.79,893.33,1896.4000244140625,
2023-08-23 00:00:00,2505.5,2492.96,882.87,1918.5,
2023-08-24 00:00:00,2537.68,2529.43,901.74,1918.199951171875,
2023-08-25 00:00:00,2519.14,2507.98,899.38,1911.0999755859375,
2023-08-28 00:00:00,2543.41,2528.43,909.38,1917.9000244140625,
2023-08-29 00:00:00,2552.16,2535.17,916.24,1936.5,
2023-08-30 00:00:00,2561.22,2545.11,923.81,1944.300048828125,
2023-08-31 00:00:00,2556.27,2537.33,928.4,1938.199951171875,
2023-09-01 00:00:00,2563.71,2553.84,919.74,1939.800048828125,
2023-09-04 00:00:00,2584.55,2576.43,919.16,1939.800048828125,
2023-09-05 00:00:00,2582.18,2574.04,921.48,1926.199951171875,
2023-09-06 00:00:00,2563.34,2554.41,917.95,1918.0999755859375,
2023-09-07 00:00:00,2548.26,2542.19,906.36,1917.5,
2023-09-08 00:00:00,2547.68,2537.02,914.18,1918.4000244140625,
2023-09-11 00:00:00,2556.88,2545.04,912.55,1923.300048828125,
2023-09-12 00:00:00,2536.58,2526.07,898.04,1911.300048828125,
2023-09-13 00:00:00,2534.7,2526.87,882.72,1909.0999755859375,
2023-09-14 00:00:00,2572.89,2565.26,899.47,1910.0,
2023-09-15 00:00:00,2601.28,2594.29,899.03,1923.699951171875,
2023-09-18 00:00:00,2574.72,2563.48,891.29,1931.5,
2023-09-19 00:00:00,2559.21,2545.81,883.89,1932.0,
2023-09-20 00:00:00,2559.74,2547.06,882.72,1945.5999755859375,
2023-09-21 00:00:00,2514.97,2502.35,860.68,1919.199951171875,
2023-09-22 00:00:00,2508.13,2495.99,857.35,1925.4000244140625,
2023-09-25 00:00:00,2495.76,2485.99,839.17,1916.5999755859375,
2023-09-26 00:00:00,2462.97,2453.96,827.82,1900.4000244140625,
2023-09-27 00:00:00,2465.07,2452.05,841.02,1871.5999755859375,
2023-10-04 00:00:00,2405.69,2394.19,807.4,1818.5,
2023-10-05 00:00:00,2403.6,2393.61,801.02,1816.5999755859375,
2023-10-06 00:00:00,2408.73,2395.54,816.39,1830.199951171875,
2023-10-10 00:00:00,2402.58,2393.06,795.0,1861.0,
2023-10-11 00:00:00,2450.08,2443.18,817.12,1872.800048828125,
2023-10-12 00:00:00,2479.82,2473.04,835.49,1869.300048828125,
2023-10-13 00:00:00,2456.15,2448.62,822.78,1927.4000244140625,
2023-10-16 00:00:00,2436.24,2428.17,810.54,1921.0999755859375,
2023-10-17 00:00:00,2460.17,2454.19,820.38,1922.699951171875,
2023-10-18 00:00:00,2462.6,2457.45,808.89,1955.300048828125,
2023-10-19 00:00:00,2415.8,2411.91,784.04,1968.4000244140625,
2023-10-20 00:00:00,2375.0,2371.8,769.25,1982.5,
2023-10-23 00:00:00,2357.02,2353.73,763.69,1976.300048828125,
2023-10-24 00:00:00,2383.51,2380.57,784.86,1975.0,
2023-10-25 00:00:00,2363.17,2352.08,770.84,1984.0999755859375,
2023-10-26 00:00:00,2299.08,2287.42,743.85,1987.199951171875,
2023-10-27 00:00:00,2302.81,2291.81,748.49,1988.5999755859375,
2023-10-30 00:00:00,2310.55,2296.49,757.12,1996.199951171875,
2023-10-31 00:00:00,2277.99,2262.21,736.1,1985.199951171875,
2023-11-01 00:00:00,2301.56,2285.74,739.23,1978.800048828125,
2023-11-02 00:00:00,2343.12,2331.87,772.84,1985.5999755859375,
2023-11-03 00:00:00,2368.34,2356.9,782.05,1991.5,
2023-11-06 00:00:00,2502.37,2503.16,839.45,1981.5999755859375,
2023-11-07 00:00:00,2443.96,2437.41,824.37,1966.800048828125,
2023-11-08 00:00:00,2421.62,2410.18,811.02,1951.5,
2023-11-09 00:00:00,2427.08,2415.49,802.87,1964.199951171875,
2023-11-10 00:00:00,2409.66,2398.88,789.31,1932.5999755859375,
2023-11-13 00:00:00,2403.76,2394.99,774.42,1945.5,
2023-11-14 00:00:00,2433.25,2425.78,794.19,1961.800048828125,
2023-11-15 00:00:00,2486.67,2484.09,809.36,1960.0999755859375,
2023-11-16 00:00:00,2488.18,2483.67,811.11,1983.9000244140625,
2023-11-17 00:00:00,2469.85,2463.48,799.06,1981.5999755859375,
2023-11-20 00:00:00,2491.2,2483.67,813.08,1977.699951171875,
2023-11-21 00:00:00,2510.42,2501.14,817.01,1999.300048828125,
2023-11-22 00:00:00,2511.7,2501.75,814.61,1991.4000244140625,
2023-11-23 00:00:00,2514.96,2505.06,815.98,1991.5,
2023-11-24 00:00:00,2496.63,2479.92,815.0,2002.199951171875,
2023-11-27 00:00:00,2495.66,2475.23,810.25,2011.800048828125,
2023-11-28 00:00:00,2521.76,2505.17,816.44,2039.699951171875,
2023-11-29 00:00:00,2519.81,2506.6,822.44,2047.0999755859375,
2023-11-30 00:00:00,2535.29,2520.65,831.68,2038.0999755859375,
2023-12-01 00:00:00,2505.01,2485.82,827.24,2071.0,
2023-12-04 00:00:00,2514.95,2497.7,828.52,2024.0999755859375,
2023-12-05 00:00:00,2494.28,2473.58,813.38,2018.5,
2023-12-06 00:00:00,2495.38,2474.42,819.54,2030.5,
2023-12-07 00:00:00,2492.07,2471.63,813.2,2029.9000244140625,
2023-12-08 00:00:00,2517.85,2500.2,830.37,1998.300048828125,
2023-12-11 00:00:00,2525.36,2506.27,835.25,1978.0,
2023-12-12 00:00:00,2535.27,2517.67,839.53,1977.800048828125,
2023-12-13 00:00:00,2510.66,2490.82,829.31,1982.300048828125,
2023-12-14 00:00:00,2544.18,2528.88,840.59,2030.199951171875,
2023-12-15 00:00:00,2563.56,2548.28,838.31,2021.0999755859375,
2023-12-18 00:00:00,2566.86,2544.45,850.96,2026.300048828125,
2023-12-19 00:00:00,2568.55,2547.63,858.3,2038.4000244140625,
2023-12-20 00:00:00,2614.3,2594.69,862.98,2034.5,
2023-12-21 00:00:00,2600.02,2580.93,859.44,2039.0999755859375,
2023-12-22 00:00:00,2599.51,2582.25,854.62,2057.10009765625,
2023-12-26 00:00:00,2602.59,2588.31,848.34,2058.199951171875,
2023-12-27 00:00:00,2613.5,2607.52,859.79,2081.89990234375,
2023-12-28 00:00:00,2655.28,2650.61,866.57,2073.89990234375,
2024-01-02 00:00:00,2669.81,2669.56,878.93,2064.39990234375,
2024-01-03 00:00:00,2607.31,2598.98,871.57,2034.199951171875,
2024-01-04 00:00:00,2587.02,2577.72,866.25,2042.300048828125,
2024-01-05 00:00:00,2578.08,2570.86,878.33,2042.4000244140625,
2024-01-08 00:00:00,2567.82,2557.62,879.34,2026.5999755859375,
2024-01-09 00:00:00,2561.24,2546.39,884.64,2026.4000244140625,
2024-01-10 00:00:00,2541.98,2521.72,875.46,2021.699951171875,
2024-01-11 00:00:00,2540.27,2521.41,882.53,2014.300048828125,
2024-01-12 00:00:00,2525.05,2505.86,868.08,2046.699951171875,
2024-01-15 00:00:00,2525.99,2509.84,859.71,2046.699951171875,
2024-01-16 00:00:00,2497.59,2477.63,854.83,2026.0,
2024-01-17 00:00:00,2435.9,2413.02,833.05,2002.5999755859375,
2024-01-18 00:00:00,2440.04,2419.55,840.33,2018.5999755859375,
2024-01-19 00:00:00,2472.74,2457.97,842.67,2026.5,
2024-01-22 00:00:00,2464.35,2451.46,839.69,2019.800048828125,
2024-01-23 00:00:00,2478.61,2469.34,840.11,2023.699951171875,
2024-01-24 00:00:00,2469.69,2460.01,836.21,2013.9000244140625,
2024-01-25 00:00:00,2470.34,2459.56,823.74,2016.9000244140625,
2024-01-26 00:00:00,2478.56,2467.67,837.24,2016.800048828125,
2024-01-29 00:00:00,2500.65,2492.29,819.14,2025.199951171875,
2024-01-30 00:00:00,2498.81,2487.85,818.86,2031.5,
2024-01-31 00:00:00,2497.09,2486.69,799.24,2048.39990234375,
2024-02-01 00:00:00,2542.46,2527.68,798.73,2053.0,
2024-02-02 00:00:00,2615.31,2607.99,814.77,2036.0999755859375,
2024-02-05 00:00:00,2591.31,2580.11,807.99,2025.699951171875,
2024-02-06 00:00:00,2576.2,2565.23,807.03,2034.5,
2024-02-07 00:00:00,2609.58,2597.66,811.92,2035.199951171875,
2024-02-08 00:00:00,2620.32,2610.77,826.58,2032.199951171875,
2024-02-13 00:00:00,2649.64,2639.03,845.15,1992.9000244140625,
2024-02-14 00:00:00,2620.42,2606.86,853.3,1990.300048828125,
2024-02-15 00:00:00,2613.8,2600.35,859.21,2002.0999755859375,
2024-02-16 00:00:00,2648.76,2636.07,857.6,2011.5,
2024-02-19 00:00:00,2680.26,2669.42,858.47,2011.5,
2024-02-20 00:00:00,2657.79,2643.86,866.17,2027.5,
2024-02-21 00:00:00,2653.31,2639.95,864.07,2022.300048828125,
2024-02-22 00:00:00,2664.27,2653.1,870.11,2019.699951171875,
2024-02-23 00:00:00,2667.7,2656.76,868.57,2038.5999755859375,
2024-02-26 00:00:00,2647.08,2639.07,867.4,2028.5,
2024-02-27 00:00:00,2625.05,2619.32,853.75,2034.0,
2024-02-28 00:00:00,2652.29,2650.7,863.39,2033.0,
2024-02-29 00:00:00,2642.36,2640.08,862.96,2045.699951171875,
2024-03-04 00:00:00,2674.27,2676.37,872.97,2117.699951171875,
2024-03-05 00:00:00,2649.4,2648.43,866.37,2133.5,
2024-03-06 00:00:00,2641.49,2638.76,870.67,2150.300048828125,
2024-03-07 00:00:00,2647.62,2648.49,863.37,2158.0,
2024-03-08 00:00:00,2680.35,2685.47,873.18,2178.60009765625,
2024-03-11 00:00:00,2659.84,2663.15,875.93,2182.5,
2024-03-12 00:00:00,2681.81,2689.15,889.71,2160.39990234375,
2024-03-13 00:00:00,2693.57,2699.83,889.93,2175.39990234375,
2024-03-14 00:00:00,2718.76,2727.72,887.52,2163.0,
2024-03-15 00:00:00,2666.84,2667.55,880.46,2157.300048828125,
2024-03-18 00:00:00,2685.84,2687.04,894.48,2160.699951171875,
2024-03-19 00:00:00,2656.17,2654.79,891.91,2156.300048828125,
2024-03-20 00:00:00,2690.14,2693.59,891.45,2157.89990234375,
2024-03-21 00:00:00,2754.86,2764.45,904.29,2182.39990234375,
2024-03-22 00:00:00,2748.56,2756.58,903.98,2158.10009765625,
2024-03-25 00:00:00,2737.57,2745.79,913.69,2174.800048828125,
2024-03-26 00:00:00,2757.09,2768.46,916.09,2175.60009765625,
2024-03-27 00:00:00,2755.11,2764.67,911.25,2190.60009765625,
2024-03-28 00:00:00,2745.82,2754.92,910.05,2217.39990234375,
2024-03-29 00:00:00,2746.63,2760.44,905.5,2217.39990234375,
2024-04-01 00:00:00,2747.86,2756.43,912.45,2236.5,
2024-04-02 00:00:00,2753.16,2766.94,891.59,2261.0,
2024-04-03 00:00:00,2706.97,2714.7,879.96,2294.39990234375,
2024-04-04 00:00:00,2742.0,2754.17,882.9,2288.800048828125,
2024-04-05 00:00:00,2714.21,2723.61,872.29,2325.699951171875,
2024-04-08 00:00:00,2717.65,2731.47,860.57,2331.699951171875,
2024-04-09 00:00:00,2705.16,2714.86,859.33,2343.5,
2024-04-11 00:00:00,2706.96,2718.3,858.1,2354.800048828125,
2024-04-12 00:00:00,2681.82,2689.92,860.47,2356.199951171875,
2024-04-15 00:00:00,2670.43,2677.91,852.42,2365.800048828125,
2024-04-16 00:00:00,2609.63,2616.54,832.81,2390.800048828125,
2024-04-17 00:00:00,2584.18,2585.0,833.03,2371.699951171875,
2024-04-18 00:00:00,2634.7,2634.54,855.65,2382.300048828125,
2024-04-19 00:00:00,2591.86,2587.98,841.91,2398.39990234375,
2024-04-22 00:00:00,2629.44,2624.75,845.82,2332.199951171875,
2024-04-23 00:00:00,2623.02,2615.74,845.44,2327.699951171875,
2024-04-24 00:00:00,2675.75,2675.31,862.23,2324.5,
2024-04-25 00:00:00,2628.62,2620.27,853.26,2329.800048828125,
2024-04-26 00:00:00,2656.33,2649.39,856.82,2334.800048828125,
2024-04-29 00:00:00,2687.44,2675.26,869.72,2345.39990234375,
2024-04-30 00:00:00,2692.06,2680.13,868.93,2291.39990234375,
2024-05-02 00:00:00,2683.65,2671.49,867.48,2299.199951171875,
2024-05-03 00:00:00,2676.63,2665.18,865.59,2299.0,
2024-05-07 00:00:00,2734.36,2728.53,871.26,2315.199951171875,
2024-05-08 00:00:00,2745.05,2738.18,872.42,2313.60009765625,
2024-05-09 00:00:00,2712.14,2700.57,870.15,2332.10009765625,
2024-05-10 00:00:00,2727.63,2714.25,864.16,2367.300048828125,
2024-05-13 00:00:00,2727.21,2711.79,854.43,2336.10009765625,
2024-05-14 00:00:00,2730.34,2714.12,862.15,2353.39990234375,
2024-05-16 00:00:00,2753.0,2735.51,870.37,2380.0,
2024-05-17 00:00:00,2724.62,2703.97,855.06,2412.199951171875,
2024-05-20 00:00:00,2742.14,2722.55,847.08,2433.89990234375,
2024-05-21 00:00:00,2724.18,2703.91,846.51,2421.699951171875,
2024-05-22 00:00:00,2723.46,2703.06,845.72,2389.199951171875,
2024-05-23 00:00:00,2721.81,2703.09,846.58,2335.0,
2024-05-24 00:00:00,2687.6,2663.5,839.41,2332.5,
2024-05-27 00:00:00,2722.99,2702.46,847.99,2332.5,
2024-05-28 00:00:00,2722.85,2701.95,851.01,2355.199951171875,
2024-05-29 00:00:00,2677.3,2651.67,838.45,2340.300048828125,
2024-05-30 00:00:00,2635.44,2606.5,831.99,2342.89990234375,
2024-05-31 00:00:00,2636.52,2602.07,839.98,2322.89990234375,
2024-06-03 00:00:00,2682.52,2652.7,844.72,2346.60009765625,
2024-06-04 00:00:00,2662.1,2634.32,845.84,2325.5,
2024-06-05 00:00:00,2689.5,2667.58,850.75,2354.10009765625,
