날짜,시가,고가,저가,종가,거래량,등락률
2019-06-05,41650,42350,41000,41600,99085,1.8359853121175032
2019-06-07,41600,41650,40800,41300,65789,-0.7211538461538461
2019-06-10,41300,41500,40500,40850,63238,-1.0895883777239708
2019-06-11,40750,41350,40650,41000,45723,0.36719706242350064
2019-06-12,41050,41050,40000,40350,79832,-1.5853658536585367
2019-06-13,40150,40700,39300,40400,102375,0.12391573729863693
2019-06-14,40050,41000,40050,40700,67428,0.7425742574257426
2019-06-17,40700,40700,38800,39000,86775,-4.176904176904177
2019-06-18,38950,39700,35700,36900,267660,-5.384615384615385
2019-06-19,36900,38300,36600,37800,85687,2.4390243902439024
2019-06-20,37650,38650,37100,38450,40796,1.7195767195767195
2019-06-21,38200,38800,37050,38000,59403,-1.1703511053315996
2019-06-24,37500,38050,35100,37050,112115,-2.5
2019-06-25,37250,37550,35850,35900,83572,-3.1039136302294197
2019-06-26,35650,37000,35150,36500,72109,1.6713091922005572
2019-06-27,36300,36500,33100,33100,152649,-9.315068493150685
2019-06-28,32450,35500,32450,33750,145733,1.9637462235649545
2019-07-01,33500,35200,33500,34800,77685,3.111111111111111
2019-07-02,34500,35150,34400,34800,35996,0.0
2019-07-03,34700,35250,34250,34750,41088,-0.14367816091954022
2019-07-04,34600,34600,32900,33300,82149,-4.172661870503598
2019-07-05,32950,34950,32900,34950,63212,4.954954954954955
2019-07-08,34700,34700,32200,32700,127956,-6.437768240343347
2019-07-09,32500,33050,29750,29850,196819,-8.715596330275229
2019-07-10,29750,32450,29750,32350,158818,8.375209380234507
2019-07-11,32200,33400,31900,33150,54600,2.472952086553323
2019-07-12,33300,33300,32600,33200,45402,0.1508295625942685
2019-07-15,32850,33400,31950,32150,47185,-3.1626506024096384
2019-07-16,31700,32400,30800,31200,77230,-2.9548989113530326
2019-07-17,31550,32850,30850,32250,72277,3.3653846153846154
2019-07-18,31650,32050,31050,31250,39480,-3.10077519379845
2019-07-19,31250,31700,30900,31300,55728,0.16
2019-07-22,31000,31900,30900,30950,45566,-1.1182108626198082
2019-07-23,30950,31500,30050,30100,75750,-2.7463651050080773
2019-07-24,29950,30750,28950,29300,81258,-2.6578073089700998
2019-07-25,29300,29550,27900,28450,115020,-2.901023890784983
2019-07-26,28250,30250,26200,30250,177101,6.32688927943761
2019-07-29,29850,30000,26900,26900,161063,-11.074380165289256
2019-07-30,26400,27550,25800,25800,154384,-4.089219330855019
2019-07-31,25700,27750,25500,27250,122307,5.62015503875969
2019-08-01,27300,28250,26450,26950,79641,-1.1009174311926606
2019-08-02,26150,27000,25000,26000,76966,-3.525046382189239
2019-08-05,25550,26500,21800,21900,179271,-15.769230769230768
2019-08-06,20300,23400,19500,20950,325011,-4.337899543378995
2019-08-07,21100,22150,20700,21750,138281,3.8186157517899764
2019-08-08,21900,23450,21900,22800,92010,4.827586206896552
2019-08-09,23400,23700,22600,22950,61832,0.6578947368421052
2019-08-12,22600,22800,21800,22600,65721,-1.5250544662309369
2019-08-13,22200,22750,21750,21800,52952,-3.5398230088495577
2019-08-14,22600,24050,22600,24050,130850,10.321100917431194
2019-08-16,24450,26800,23500,24400,292229,1.4553014553014554
2019-08-19,24450,25150,23650,23900,114066,-2.0491803278688523
2019-08-20,23800,24450,23600,24350,68931,1.882845188284519
2019-08-21,24100,25250,24050,25250,67968,3.696098562628337
2019-08-22,25400,25800,24750,24750,75526,-1.9801980198019802
2019-08-23,24300,24900,24200,24400,67001,-1.4141414141414141
2019-08-26,23600,27950,22350,23100,364959,-5.327868852459016
2019-08-27,24100,25900,23900,24150,217674,4.545454545454546
2019-08-28,23900,25750,23550,25400,159423,5.175983436853002
2019-08-29,25400,25650,24450,24600,112675,-3.149606299212598
2019-08-30,24950,26100,24850,25600,154653,4.0650406504065035
2019-09-02,25400,27900,25250,26550,221922,3.7109375
2019-09-03,26350,26800,26050,26400,86893,-0.5649717514124294
2019-09-04,26250,26750,26000,26550,58869,0.5681818181818182
2019-09-05,26950,27000,26000,26000,64986,-2.0715630885122414
2019-09-06,26200,26400,25300,26000,67001,0.0
2019-09-09,25850,26650,25850,26000,63191,0.0
2019-09-10,25850,26150,25450,25700,46813,-1.153846153846154
2019-09-11,25600,26650,25550,26500,62502,3.11284046692607
2019-09-16,26500,28500,26250,26450,88895,-0.18867924528301888
2019-09-17,26450,27600,26300,27100,72648,2.4574669187145557
2019-09-18,27100,29900,27100,29400,208564,8.487084870848708
2019-09-19,29600,30450,29000,29900,115742,1.7006802721088436
2019-09-20,30100,30400,29150,30000,83676,0.33444816053511706
2019-09-23,29600,30150,29050,29300,60537,-2.3333333333333335
2019-09-24,28250,29600,28050,29000,76465,-1.023890784982935
2019-09-25,29600,30100,28050,28600,131539,-1.3793103448275863
2019-09-26,29400,33800,29000,32800,543683,14.685314685314685
2019-09-27,32500,33300,32150,32550,141066,-0.7621951219512195
2019-09-30,33050,33700,31300,31500,133816,-3.225806451612903
2019-10-01,31650,31950,30300,31300,133022,-0.6349206349206349
2019-10-02,31000,31400,30300,30350,100595,-3.035143769968051
2019-10-04,30350,30350,29250,29450,108205,-2.9654036243822075
2019-10-07,29400,31250,29400,30600,167135,3.904923599320883
2019-10-08,31000,31250,29600,29750,115924,-2.7777777777777777
2019-10-10,29650,32600,28100,28850,419260,-3.0252100840336134
2019-10-11,29100,31000,28700,29950,194617,3.8128249566724435
2019-10-14,30600,30800,29650,30000,86277,0.1669449081803005
2019-10-15,30050,32900,29900,32400,296521,8.0
2019-10-16,33500,41500,33000,38800,2579875,19.753086419753085
2019-10-17,38050,38100,35200,37500,819811,-3.350515463917526
2019-10-18,37000,37300,35150,35300,208362,-5.866666666666666
2019-10-21,34800,35700,34000,34250,159375,-2.974504249291785
2019-10-22,34500,36150,34000,35500,250599,3.64963503649635
2019-10-23,35100,36450,34600,35050,142414,-1.267605633802817
2019-10-24,35100,35650,33550,34500,268819,-1.5691868758915835
2019-10-25,34150,34500,33600,33900,95338,-1.7391304347826086
2019-10-28,33700,35700,33100,34250,189763,1.0324483775811208
2019-10-29,34250,34650,33700,33850,89290,-1.167883211678832
2019-10-30,33900,34200,31950,32350,176794,-4.431314623338257
2019-10-31,32850,32950,31150,31300,354364,-3.2457496136012365
2019-11-01,31650,32250,30650,31800,177053,1.5974440894568689
2019-11-04,32100,32650,31550,32650,124297,2.6729559748427674
2019-11-05,32250,34400,31800,34050,281089,4.287901990811639
2019-11-06,34300,34300,32750,32850,166510,-3.524229074889868
2019-11-07,32600,33750,32050,32450,136777,-1.21765601217656
2019-11-08,32400,34200,32150,34000,210990,4.776579352850539
2019-11-11,34050,34350,33000,33650,141874,-1.0294117647058822
2019-11-12,33650,35250,33250,35250,271975,4.75482912332838
2019-11-13,35650,36450,34650,34650,225863,-1.702127659574468
2019-11-14,34750,35150,34150,35000,103156,1.0101010101010102
2019-11-15,35000,43000,34450,36350,2037511,3.8571428571428568
2019-11-18,36900,38150,36050,36250,326388,-0.2751031636863824
2019-11-19,36150,36950,35200,35200,226766,-2.896551724137931
2019-11-20,34500,35300,32550,32550,264616,-7.528409090909091
2019-11-21,32000,32800,30300,30450,289137,-6.451612903225806
2019-11-22,30400,31100,28800,29050,236642,-4.597701149425287
2019-11-25,29500,31450,29500,31050,157894,6.884681583476763
2019-11-26,31100,32150,30700,31350,124643,0.966183574879227
2019-11-27,31500,31900,30900,31700,84221,1.1164274322169059
2019-11-28,31500,31950,31050,31050,86310,-2.050473186119874
2019-11-29,30900,31250,29700,29950,106409,-3.542673107890499
2019-12-02,29950,31400,29950,31000,104248,3.5058430717863103
2019-12-03,30400,32100,30350,31550,100048,1.7741935483870968
2019-12-04,31150,32400,31150,31700,78950,0.4754358161648178
2019-12-05,31700,33400,31700,32500,179310,2.5236593059936907
2019-12-06,32500,33350,32250,32800,83651,0.9230769230769231
2019-12-09,33200,34150,32300,34150,144993,4.115853658536586
2019-12-10,33850,35800,33850,35750,258814,4.685212298682284
2019-12-11,35900,36050,34450,35650,185928,-0.27972027972027974
2019-12-12,35650,36850,35150,35500,491616,-0.42075736325385693
2019-12-13,35750,36700,35550,36200,210559,1.971830985915493
2019-12-16,37600,38450,36650,36650,394217,1.2430939226519337
2019-12-17,36800,37850,36800,37350,164013,1.9099590723055935
2019-12-18,37200,37550,35450,35600,236731,-4.685408299866131
2019-12-19,35900,37250,34800,36700,248069,3.089887640449438
2019-12-20,37100,37700,36400,36950,167035,0.6811989100817438
2019-12-23,37000,38250,36650,36650,182439,-0.8119079837618403
2019-12-24,36700,37500,35150,35300,201920,-3.6834924965893587
2019-12-26,35350,38100,35350,38100,269864,7.932011331444759
2019-12-27,38550,41250,37800,41000,446887,7.611548556430446
2019-12-30,41600,43800,41250,43200,488133,5.365853658536586
2020-01-02,43250,43450,41650,42600,353862,-1.3888888888888888
2020-01-03,42600,42750,40650,42550,364580,-0.11737089201877934
2020-01-06,41800,41900,39950,40900,270006,-3.8777908343125738
2020-01-07,41500,42050,36800,37700,915924,-7.823960880195599
2020-01-08,38000,38450,35000,35250,449333,-6.49867374005305
2020-01-09,36600,37750,36300,37250,221246,5.673758865248227
2020-01-10,37400,37800,36550,36650,171161,-1.6107382550335572
2020-01-13,36700,37150,35550,36150,172655,-1.364256480218281
2020-01-14,36300,36500,34750,35000,286366,-3.18118948824343
2020-01-15,35100,36000,33500,33500,217304,-4.285714285714286
2020-01-16,33700,34500,32700,33550,224542,0.1492537313432836
2020-01-17,33550,33800,32150,32350,223119,-3.5767511177347244
2020-01-20,32150,33300,31650,32350,176655,0.0
2020-01-21,32200,32600,30500,30700,226366,-5.1004636785162285
2020-01-22,30600,31550,30600,30700,149137,0.0
2020-01-23,30800,32100,30700,31800,195347,3.5830618892508146
2020-01-28,30700,30750,29000,30000,211775,-5.660377358490567
2020-01-29,30400,31200,30100,30200,99948,0.6666666666666667
2020-01-30,30200,30500,27850,28150,215733,-6.788079470198675
2020-01-31,28450,29200,26900,26900,212994,-4.440497335701599
2020-02-03,25950,28500,25500,27750,206504,3.1598513011152414
2020-02-04,27850,30150,27750,29200,213965,5.225225225225225
2020-02-05,30200,31200,28950,29500,236609,1.0273972602739725
2020-02-06,30000,30750,29500,30150,103897,2.2033898305084745
2020-02-07,30350,30550,29700,30000,81222,-0.4975124378109453
2020-02-10,29500,30100,29200,30100,71048,0.33333333333333337
2020-02-11,30350,30650,29700,29950,77498,-0.4983388704318937
2020-02-12,30100,30150,29250,29550,68540,-1.335559265442404
2020-02-13,29750,29950,29000,29250,81156,-1.015228426395939
2020-02-14,29100,29900,29100,29350,64393,0.3418803418803419
2020-02-17,29350,29950,29000,29400,73292,0.17035775127768313
2020-02-18,29200,29450,27600,27900,142290,-5.1020408163265305
2020-02-19,28050,28400,27600,28150,94927,0.8960573476702508
2020-02-20,28200,28350,26850,27450,127074,-2.4866785079928952
2020-02-21,26900,27450,26700,26800,89216,-2.3679417122040074
2020-02-24,26000,26000,24000,24000,206934,-10.44776119402985
2020-02-25,23850,26300,23200,26300,175804,9.583333333333334
2020-02-26,25500,27350,25300,26800,121519,1.9011406844106464
2020-02-27,26750,27350,25450,25900,92947,-3.3582089552238807
2020-02-28,25150,25600,23950,24300,153095,-6.177606177606178
2020-03-02,24400,25650,23850,25600,85504,5.349794238683128
2020-03-03,26250,26750,25400,25550,106130,-0.1953125
2020-03-04,25350,26350,25200,26200,64672,2.5440313111545985
2020-03-05,26700,27250,26300,27050,94418,3.2442748091603053
2020-03-06,26550,26800,25600,26150,109044,-3.3271719038817005
2020-03-09,25300,25400,23850,24000,166472,-8.221797323135755
2020-03-10,23550,23800,22650,23500,216277,-2.083333333333333
2020-03-11,23700,23700,21400,21750,214029,-7.446808510638298
2020-03-12,21150,22000,20050,20350,185203,-6.436781609195402
2020-03-13,18150,18850,15500,18000,419372,-11.547911547911548
2020-03-16,18650,19300,16800,17000,225252,-5.555555555555555
2020-03-17,15600,17550,15600,17400,203018,2.3529411764705883
2020-03-18,17800,17900,16300,16300,173401,-6.321839080459771
2020-03-19,16800,16950,12650,12800,334502,-21.472392638036812
2020-03-20,13050,14950,12950,14750,234464,15.234375
2020-03-23,13000,14150,13000,13400,151075,-9.152542372881356
2020-03-24,13850,14750,13750,14600,127297,8.955223880597014
2020-03-25,15500,16600,15100,16050,278346,9.931506849315069
2020-03-26,16350,17700,15750,16650,320168,3.7383177570093453
2020-03-27,17450,18100,16000,16850,328383,1.2012012012012012
2020-03-30,16500,17600,15950,17600,208496,4.451038575667656
2020-03-31,18150,19300,17700,18600,297456,5.681818181818182
2020-04-01,18550,19200,17800,18250,251817,-1.881720430107527
2020-04-02,18100,18750,17500,18550,162316,1.643835616438356
2020-04-03,18600,18900,18150,18500,127154,-0.2695417789757413
2020-04-06,18500,19750,18300,19200,206027,3.783783783783784
2020-04-07,19700,19800,18950,19450,150949,1.3020833333333335
2020-04-08,19450,20500,19100,19850,169381,2.056555269922879
2020-04-09,20200,20900,20150,20650,144498,4.030226700251889
2020-04-10,20700,21600,20100,20750,206648,0.48426150121065376
2020-04-13,20900,21600,20200,20200,168428,-2.6506024096385543
2020-04-14,20600,20650,19500,20100,134341,-0.49504950495049505
2020-04-16,19950,20000,19150,19650,170711,-2.2388059701492535
2020-04-17,19950,20550,19600,20350,187492,3.5623409669211195
2020-04-20,20350,21900,20150,21900,260792,7.616707616707617
2020-04-21,21650,21700,19950,20700,327762,-5.47945205479452
2020-04-22,20400,20550,19900,20550,117845,-0.7246376811594203
2020-04-23,20950,21000,20400,20750,111267,0.9732360097323601
2020-04-24,20400,20500,19800,19850,151020,-4.337349397590361
2020-04-27,19850,20600,19800,20350,123803,2.518891687657431
2020-04-28,23900,25200,21200,21600,1222317,6.142506142506143
2020-04-29,21800,21800,21000,21000,199734,-2.7777777777777777
2020-05-04,20550,21450,20500,20900,137009,-0.4761904761904762
2020-05-06,21150,22200,21150,22200,212747,6.220095693779904
2020-05-07,22400,22450,21700,22050,124238,-0.6756756756756757
2020-05-08,22350,22350,21950,22150,93690,0.45351473922902497
2020-05-11,22200,22650,21500,21800,171393,-1.580135440180587
2020-05-12,22150,22300,21500,22000,108749,0.9174311926605505
2020-05-13,21750,22650,21600,22450,141533,2.0454545454545454
2020-05-14,22300,22800,21800,22100,146905,-1.55902004454343
2020-05-15,22100,22200,21500,21650,99881,-2.0361990950226243
2020-05-18,21800,22700,21650,22350,175793,3.233256351039261
2020-05-19,22550,23900,22350,23850,263122,6.7114093959731544
2020-05-20,23700,25800,23250,25600,397589,7.337526205450734
2020-05-21,25650,26050,24700,25500,222732,-0.390625
2020-05-22,25500,25500,24700,24800,149447,-2.7450980392156863
2020-05-25,24600,25500,24550,25050,123179,1.0080645161290323
2020-05-26,26000,26050,25000,25350,241703,1.1976047904191618
2020-05-27,25500,25500,24900,25050,128806,-1.183431952662722
2020-05-28,25200,25300,23450,24050,193423,-3.992015968063872
2020-05-29,23700,24300,23100,23850,211805,-0.8316008316008316
2020-06-01,24150,25700,23800,25250,213839,5.870020964360587
2020-06-02,25400,26200,25150,26100,266105,3.3663366336633667
2020-06-03,26650,30100,26300,28200,1561011,8.045977011494253
2020-06-04,28400,29150,27350,29000,461613,2.8368794326241136
2020-06-05,28650,30950,28400,29850,474899,2.9310344827586206
2020-06-08,30250,34800,29750,31900,1255259,6.867671691792294
2020-06-09,32150,32450,31150,31450,322268,-1.4106583072100314
2020-06-10,31500,33450,31300,33050,408502,5.087440381558029
2020-06-11,33300,33800,32350,32700,280856,-1.059001512859304
2020-06-12,30500,32000,30400,31350,360675,-4.128440366972478
2020-06-15,31700,32050,28150,28500,476056,-9.090909090909092
2020-06-16,30500,32150,29200,31950,510690,12.105263157894736
2020-06-17,31800,32600,30050,31200,383293,-2.3474178403755865
2020-06-18,31250,31300,30000,30350,230429,-2.7243589743589745
2020-06-19,30900,31400,30350,30700,223360,1.1532125205930808
2020-06-22,31100,31550,30450,30750,188939,0.16286644951140067
2020-06-23,30900,31300,29800,30300,166955,-1.4634146341463417
2020-06-24,30800,33350,30650,31400,825377,3.6303630363036308
2020-06-25,31400,32700,30350,32400,376747,3.1847133757961785
2020-06-26,32800,33000,30950,31450,286092,-2.9320987654320985
2020-06-29,30700,31700,29900,30000,231961,-4.610492845786964
2020-06-30,30550,30850,28100,29000,227100,-3.3333333333333335
2020-07-01,29500,29500,27050,27050,219853,-6.724137931034482
2020-07-02,27500,28250,27200,27850,115240,2.957486136783734
2020-07-03,27850,28100,26800,27850,102835,0.0
2020-07-06,27850,28000,27100,27800,92849,-0.17953321364452424
2020-07-07,28250,28250,27350,27400,72383,-1.4388489208633095
2020-07-08,27450,28550,27450,28500,94884,4.014598540145985
2020-07-09,28750,28950,27900,28300,85756,-0.7017543859649122
2020-07-10,28300,28300,27300,27450,88111,-3.0035335689045937
2020-07-13,27800,27800,27000,27600,85175,0.546448087431694
2020-07-14,27300,28350,27250,27700,82760,0.36231884057971014
2020-07-15,27950,28450,27500,28400,88006,2.527075812274368
2020-07-16,28200,28300,27400,27750,74380,-2.2887323943661975
2020-07-17,27900,28100,27500,27800,65584,0.18018018018018017
2020-07-20,27800,27950,27000,27150,80770,-2.338129496402878
2020-07-21,27150,28150,27150,27300,103099,0.5524861878453038
2020-07-22,27450,27550,27100,27350,63663,0.18315018315018314
2020-07-23,27600,28550,27300,28550,168110,4.387568555758683
2020-07-24,29100,29750,28050,29050,295781,1.7513134851138354
2020-07-27,28950,29050,28000,28500,114980,-1.8932874354561102
2020-07-28,28550,32450,28200,28850,964524,1.2280701754385965
2020-07-29,28700,29450,28250,29000,131094,0.5199306759098787
2020-07-30,29500,29850,28600,29850,175836,2.9310344827586206
2020-07-31,29850,31600,29800,30300,292194,1.507537688442211
2020-08-03,30700,30700,29800,30600,171336,0.9900990099009901
2020-08-04,30350,31300,30100,30800,182320,0.6535947712418301
2020-08-05,30900,33500,30650,31500,729038,2.272727272727273
2020-08-06,31850,32200,31250,31950,172450,1.4285714285714286
2020-08-07,32400,33300,32150,32350,272613,1.2519561815336464
2020-08-10,32200,32200,30800,31100,212876,-3.863987635239567
2020-08-11,31100,31100,30000,30100,205550,-3.215434083601286
2020-08-12,30450,30850,29650,30250,157410,0.4983388704318937
2020-08-13,30750,30950,30050,30350,101567,0.3305785123966942
2020-08-14,30650,30750,29500,29700,124997,-2.14168039538715
2020-08-18,29100,29100,26550,27000,261869,-9.090909090909092
2020-08-19,26450,27450,26450,27200,144729,0.7407407407407408
2020-08-20,27000,27450,25550,27350,161444,0.5514705882352942
2020-08-21,27650,28750,26650,28300,188122,3.473491773308958
2020-08-24,28100,29050,27300,28750,116976,1.5901060070671376
2020-08-25,28900,29000,27500,28750,146893,0.0
2020-08-26,28850,29050,28200,28800,114594,0.17391304347826086
2020-08-27,29000,29000,27450,27800,141564,-3.4722222222222223
2020-08-28,28200,28400,27300,27350,111403,-1.618705035971223
2020-08-31,27500,27750,26700,26850,95842,-1.8281535648994516
2020-09-01,26850,27300,26700,26900,87416,0.186219739292365
2020-09-02,27300,29800,26900,29750,345858,10.594795539033457
2020-09-03,29950,31400,29650,30500,462499,2.5210084033613445
2020-09-04,29000,29750,28650,29350,257093,-3.7704918032786887
2020-09-07,29350,29950,28650,28850,161311,-1.7035775127768313
2020-09-08,29350,30050,29000,29100,135433,0.8665511265164645
2020-09-09,29000,29550,28400,28600,123513,-1.718213058419244
2020-09-10,28900,29200,28500,28600,82424,0.0
2020-09-11,28400,28600,27850,28500,81698,-0.34965034965034963
2020-09-14,28500,29000,28500,28850,77387,1.2280701754385965
2020-09-15,28700,29300,28600,29200,93127,1.2131715771230502
2020-09-16,29300,29550,28550,28850,138165,-1.1986301369863013
2020-09-17,28650,28800,27850,27850,153006,-3.466204506065858
2020-09-18,27900,28400,27200,27400,115149,-1.615798922800718
2020-09-21,27300,27850,26600,26950,105837,-1.6423357664233578
2020-09-22,26600,27100,26000,26200,101898,-2.782931354359926
2020-09-23,26300,27050,25750,26100,61675,-0.38167938931297707
2020-09-24,25500,26100,24250,24400,119419,-6.513409961685824
2020-09-25,24600,25500,23900,24800,70470,1.639344262295082
2020-09-28,24950,26450,24950,25550,48737,3.024193548387097
2020-09-29,26300,26300,25700,26050,39597,1.9569471624266144
2020-10-05,25850,26500,25800,26300,29794,0.9596928982725527
2020-10-06,26250,26750,26200,26500,36573,0.7604562737642585
2020-10-07,26500,26500,26100,26400,35962,-0.37735849056603776
2020-10-08,26650,26650,26000,26000,40727,-1.5151515151515151
2020-10-12,26000,26350,25700,26150,46733,0.576923076923077
2020-10-13,26250,26250,25700,25850,33624,-1.147227533460803
2020-10-14,25900,26100,25350,25500,32950,-1.3539651837524178
2020-10-15,25050,25300,24200,24550,75431,-3.7254901960784315
2020-10-16,24550,24650,23850,24000,38480,-2.240325865580448
2020-10-19,24300,24650,23550,23950,30969,-0.20833333333333334
2020-10-20,23700,24100,23300,23700,36187,-1.0438413361169103
2020-10-21,23700,23950,23250,23400,33512,-1.2658227848101267
2020-10-22,23400,23400,22650,22750,61428,-2.7777777777777777
2020-10-23,22800,23050,22150,22150,48668,-2.6373626373626373
2020-10-26,22100,22650,21100,21100,67045,-4.740406320541761
2020-10-27,20750,21750,20500,21100,77398,0.0
2020-10-28,21100,22600,21100,22500,46360,6.6350710900473935
2020-10-29,21750,23650,21700,22950,83798,2.0
2020-10-30,23050,23050,21900,21900,36313,-4.57516339869281
2020-11-02,21900,22550,21900,22350,14029,2.054794520547945
2020-11-03,22150,23200,22150,22900,34875,2.460850111856823
2020-11-04,23100,23600,23050,23450,35727,2.4017467248908297
2020-11-05,23650,24700,23450,24050,54336,2.55863539445629
2020-11-06,24150,24150,23000,23250,49204,-3.3264033264033266
2020-11-09,23400,23700,22500,23400,42992,0.6451612903225806
2020-11-10,23400,30350,23100,26550,2796918,13.461538461538462
2020-11-11,28100,33850,27400,30050,4610700,13.182674199623351
2020-11-12,29500,30150,27600,27800,712131,-7.487520798668886
2020-11-13,28050,29150,27200,28550,585826,2.697841726618705
2020-11-16,28500,31200,28500,30000,728062,5.078809106830122
2020-11-17,30400,31650,28500,28900,734919,-3.6666666666666665
2020-11-18,28600,29800,28100,28800,257939,-0.34602076124567477
2020-11-19,29000,30100,28800,29250,247741,1.5625
2020-11-20,29750,30500,29500,30100,241092,2.905982905982906
2020-11-23,30100,30400,28800,29300,197857,-2.6578073089700998
2020-11-24,30000,31750,29700,31650,876339,8.020477815699659
2020-11-25,31500,31550,29200,29800,442167,-5.845181674565561
2020-11-26,29750,31000,28750,30450,210745,2.1812080536912752
2020-11-27,30250,31400,30100,30450,194052,0.0
2020-11-30,30800,31450,30500,30500,172524,0.16420361247947454
2020-12-01,31100,33450,30950,33400,1309597,9.508196721311474
2020-12-02,33100,33650,32400,33400,375391,0.0
2020-12-03,33350,35000,32300,35000,473800,4.790419161676647
2020-12-04,35000,37800,33100,33200,677808,-5.142857142857142
2020-12-07,33350,34600,32250,32800,321506,-1.2048192771084338
2020-12-08,33000,33650,31300,31900,225044,-2.7439024390243905
2020-12-09,32050,32800,31350,31700,182289,-0.6269592476489028
2020-12-10,31400,31700,29950,30150,351494,-4.889589905362776
2020-12-11,30400,31200,30000,30500,187125,1.1608623548922055
2020-12-14,30400,30500,29000,29250,242396,-4.098360655737705
2020-12-15,29400,29550,28400,29050,141094,-0.6837606837606838
2020-12-16,29500,29550,28700,28900,121446,-0.5163511187607573
2020-12-17,28950,29400,28900,29100,103406,0.6920415224913495
2020-12-18,29100,29200,28500,28850,103154,-0.859106529209622
2020-12-21,28600,28800,28050,28300,163086,-1.9064124783362217
2020-12-22,28300,29250,27900,28250,240584,-0.17667844522968199
2020-12-23,28100,28800,28050,28300,177161,0.17699115044247787
2020-12-24,28600,28850,28300,28450,98528,0.5300353356890459
2020-12-28,28750,30000,28500,29550,417069,3.8664323374340945
2020-12-29,29700,30200,29000,29750,181391,0.676818950930626
2020-12-30,29850,29900,29150,29450,181411,-1.0084033613445378
2021-01-04,29450,29450,28350,28750,187190,-2.3769100169779285
2021-01-05,28600,29300,28200,29250,161673,1.7391304347826086
2021-01-06,29300,29450,28600,28900,131355,-1.1965811965811968
2021-01-07,29000,29100,28450,28900,125203,0.0
2021-01-08,29050,29050,28100,28150,112830,-2.5951557093425603
2021-01-11,28150,28200,26100,26600,215842,-5.506216696269982
2021-01-12,26650,27150,25950,26300,100887,-1.1278195488721803
2021-01-13,26050,27150,26050,26950,86269,2.4714828897338403
2021-01-14,26750,28350,26450,28300,139254,5.009276437847866
2021-01-15,28100,28950,27750,28200,137746,-0.35335689045936397
2021-01-18,28000,28000,26650,26650,111019,-5.49645390070922
2021-01-19,26700,26900,25000,26250,145224,-1.5009380863039399
2021-01-20,26300,27300,26200,26500,87199,0.9523809523809524
2021-01-21,26850,27700,26200,27600,128473,4.150943396226415
2021-01-22,27450,29000,27150,29000,283810,5.072463768115942
2021-01-25,29300,29650,28600,29250,236365,0.8620689655172413
2021-01-26,29800,30500,29350,29400,217455,0.5128205128205128
2021-01-27,29150,29800,28350,28400,103558,-3.4013605442176873
2021-01-28,27650,28200,27150,27150,125301,-4.401408450704225
2021-01-29,27400,28350,26100,26850,135075,-1.1049723756906076
2021-02-01,26450,27850,26450,27750,83609,3.35195530726257
2021-02-02,27900,28200,27400,27700,51729,-0.18018018018018017
2021-02-03,27700,28750,27300,28300,113348,2.166064981949458
2021-02-04,28250,28750,27800,28000,94401,-1.0600706713780919
2021-02-05,28050,28850,27650,28600,106824,2.142857142857143
2021-02-08,28500,29300,28200,28200,161362,-1.3986013986013985
2021-02-09,28400,28700,27550,27550,58659,-2.304964539007092
2021-02-10,27800,27850,27050,27250,48231,-1.0889292196007259
2021-02-15,27100,27400,26900,26950,90563,-1.1009174311926606
2021-02-16,27100,28250,26800,28200,132228,4.638218923933209
2021-02-17,28200,28400,27600,27700,56262,-1.773049645390071
2021-02-18,27650,27950,26900,27250,65806,-1.6245487364620936
2021-02-19,27400,28000,27050,27750,62981,1.834862385321101
2021-02-22,27750,27950,26900,27150,85399,-2.1621621621621623
2021-02-23,27200,27200,26200,26350,70973,-2.9465930018416207
2021-02-24,26200,26750,25900,26100,54795,-0.9487666034155597
2021-02-25,26400,26700,26050,26250,52589,0.5747126436781609
2021-02-26,25800,26000,24450,25500,108928,-2.857142857142857
2021-03-02,26100,27800,25400,26400,164381,3.5294117647058822
2021-03-03,26150,27700,26150,27450,110664,3.977272727272727
2021-03-04,27250,27250,26600,26900,53855,-2.0036429872495445
2021-03-05,26400,27900,26300,27900,90617,3.717472118959108
2021-03-08,28150,28300,26900,26950,84546,-3.405017921146954
2021-03-09,26500,27300,26100,27150,99111,0.7421150278293136
2021-03-10,27150,27350,26650,26650,37561,-1.841620626151013
2021-03-11,26550,27300,26550,27200,38016,2.0637898686679175
2021-03-12,27350,27500,27100,27350,52968,0.5514705882352942
2021-03-15,27400,27400,26600,26800,55089,-2.010968921389397
2021-03-16,26900,27300,26650,27200,52975,1.4925373134328357
2021-03-17,27300,27300,26750,26750,37936,-1.6544117647058825
2021-03-18,27050,27200,26700,27000,42101,0.9345794392523363
2021-03-19,26700,27650,26600,27250,38720,0.9259259259259258
2021-03-22,27750,29650,27350,29050,347705,6.605504587155964
2021-03-23,28800,29600,27550,27850,166345,-4.130808950086059
2021-03-24,27950,28250,27500,27700,93084,-0.5385996409335727
2021-03-25,27100,27600,26900,27000,115337,-2.527075812274368
2021-03-26,27050,27500,27000,27100,65669,0.3703703703703704
2021-03-29,26800,27500,26600,26700,75904,-1.4760147601476015
2021-03-30,26550,27100,26550,26850,37066,0.5617977528089888
2021-03-31,26650,26800,26550,26550,51592,-1.1173184357541899
2021-04-01,26600,27100,26450,26850,37474,1.1299435028248588
2021-04-02,26900,28300,26850,27750,118369,3.35195530726257
2021-04-05,27850,28000,27500,27650,40900,-0.36036036036036034
2021-04-06,27650,28250,27600,27900,61119,0.9041591320072333
2021-04-07,28000,28200,27550,27700,43968,-0.7168458781362007
2021-04-08,27850,28600,27500,28250,80791,1.9855595667870036
2021-04-09,28300,28700,28000,28200,68594,-0.17699115044247787
2021-04-12,28200,28600,27700,28350,75441,0.5319148936170213
2021-04-13,28350,29800,28150,29250,204691,3.1746031746031744
2021-04-14,29550,29650,28750,29600,117709,1.1965811965811968
2021-04-15,29650,30750,29450,30750,281369,3.885135135135135
2021-04-16,30750,31250,29900,30000,228558,-2.4390243902439024
2021-04-19,30200,30200,27800,27950,455258,-6.833333333333333
2021-04-20,27950,28800,27200,28500,148356,1.9677996422182469
2021-04-21,28800,28800,27850,28400,95413,-0.3508771929824561
2021-04-22,28400,28550,27350,27850,133422,-1.936619718309859
2021-04-23,27850,28350,27400,27700,102320,-0.5385996409335727
2021-04-26,27700,30200,27450,28700,366554,3.6101083032490973
2021-04-27,28750,29000,28300,28300,69406,-1.3937282229965158
2021-04-28,28200,29000,28100,28300,99791,0.0
2021-04-29,28500,28750,27750,27900,69983,-1.4134275618374559
2021-04-30,28000,28200,27600,28000,45905,0.35842293906810035
2021-05-03,28150,28600,27600,27600,45018,-1.4285714285714286
2021-05-04,27600,27650,26600,26850,96436,-2.717391304347826
2021-05-06,26850,27750,26750,27150,64726,1.1173184357541899
2021-05-07,27150,27950,27150,27500,40044,1.289134438305709
2021-05-10,27500,27900,27350,27650,36681,0.5454545454545455
2021-05-11,27400,27850,27250,27450,54504,-0.7233273056057866
2021-05-12,27400,27950,27000,27200,49020,-0.9107468123861567
2021-05-13,26800,27200,26600,26950,41503,-0.9191176470588236
2021-05-14,26950,28500,26700,27750,78024,2.9684601113172544
2021-05-17,28050,28300,27500,27800,36357,0.18018018018018017
2021-05-18,27650,28000,27350,27400,40577,-1.4388489208633095
2021-05-20,27600,28550,27200,28250,87265,3.102189781021898
2021-05-21,28300,28400,27650,27800,45170,-1.592920353982301
2021-05-24,27900,28150,27500,27700,53421,-0.3597122302158274
2021-05-25,27550,28500,27550,28100,60684,1.444043321299639
2021-05-26,28200,29300,28000,29000,144089,3.202846975088968
2021-05-27,29200,29200,28300,28650,64397,-1.206896551724138
2021-05-28,28650,28800,28400,28500,41012,-0.5235602094240838
2021-05-31,28400,28650,28050,28350,42287,-0.5263157894736842
2021-06-01,28500,28600,27900,28100,56458,-0.8818342151675485
2021-06-02,28100,28650,27950,28600,48354,1.7793594306049825
2021-06-03,28400,28750,28300,28550,38321,-0.17482517482517482
2021-06-04,28400,28450,28000,28100,46120,-1.5761821366024518
2021-06-07,28100,28500,27650,28000,68121,-0.3558718861209964
2021-06-08,27800,29050,27800,28600,119601,2.142857142857143
2021-06-09,28650,28900,28450,28800,88761,0.6993006993006993
2021-06-10,28800,30500,28700,29650,336122,2.951388888888889
2021-06-11,29500,30200,29500,29600,102547,-0.16863406408094433
2021-06-14,29750,30200,29400,29600,66878,0.0
2021-06-15,29800,30050,28650,28900,117839,-2.364864864864865
2021-06-16,28850,29400,28750,28950,56640,0.17301038062283738
2021-06-17,28900,29050,28600,29000,46861,0.17271157167530224
2021-06-18,29000,29400,28850,29100,57042,0.3448275862068966
2021-06-21,29000,30500,28900,30150,232964,3.608247422680412
2021-06-22,30400,30500,29700,29950,117362,-0.6633499170812603
2021-06-23,30200,31200,29800,30850,269809,3.005008347245409
2021-06-24,31100,31550,30150,30400,137936,-1.4586709886547813
2021-06-25,30800,31150,30400,30500,96671,0.3289473684210526
2021-06-28,30500,30750,29950,30650,79131,0.49180327868852464
2021-06-29,30550,32800,30550,31800,357029,3.7520391517128875
2021-06-30,32000,32450,31500,31800,131219,0.0
2021-07-01,31700,32700,31600,32400,109052,1.8867924528301887
2021-07-02,32450,32950,31500,31500,148074,-2.7777777777777777
2021-07-05,31700,32250,31050,31200,99044,-0.9523809523809524
2021-07-06,30950,31150,30150,30300,129150,-2.8846153846153846
2021-07-07,30050,30450,29500,29750,139157,-1.8151815181518154
2021-07-08,29750,30200,29000,29250,121505,-1.680672268907563
2021-07-09,28900,29100,28100,28550,128642,-2.3931623931623935
2021-07-12,28750,29250,28500,29150,66109,2.1015761821366024
2021-07-13,29200,29300,28900,29100,56013,-0.17152658662092624
2021-07-14,29100,29100,28100,28400,103154,-2.405498281786942
2021-07-15,28600,29000,28150,28500,95476,0.35211267605633806
2021-07-16,28300,28950,28000,28950,96426,1.5789473684210527
2021-07-19,28700,29050,28450,28650,46831,-1.0362694300518136
2021-07-20,28300,29250,28150,29250,86328,2.094240837696335
2021-07-21,29150,29950,28900,29400,128172,0.5128205128205128
2021-07-22,29350,29800,29200,29300,46571,-0.3401360544217687
2021-07-23,29150,29550,28850,28900,82955,-1.3651877133105803
2021-07-26,28850,30150,28500,29500,204683,2.0761245674740483
2021-07-27,29400,29550,29150,29350,45058,-0.5084745762711864
2021-07-28,29250,29450,28650,28900,57743,-1.5332197614991483
2021-07-29,29100,29200,28650,28650,44785,-0.8650519031141869
2021-07-30,28650,28800,27600,28000,119158,-2.2687609075043627
2021-08-02,28000,28550,27450,28450,62632,1.607142857142857
2021-08-03,28200,28600,28000,28350,37211,-0.35149384885764495
2021-08-04,28350,28650,28000,28600,26188,0.8818342151675485
2021-08-05,28450,28700,26800,28400,58862,-0.6993006993006993
2021-08-06,28150,28700,28000,28250,42242,-0.528169014084507
2021-08-09,28100,28350,27850,28050,46456,-0.7079646017699115
2021-08-10,27850,28800,27600,28650,79839,2.13903743315508
2021-08-11,28650,28750,28150,28300,55875,-1.2216404886561953
2021-08-12,28300,28550,28000,28300,46081,0.0
2021-08-13,28350,28450,27500,28050,59562,-0.88339222614841
2021-08-17,28050,28300,26950,26950,70545,-3.9215686274509802
2021-08-18,26750,27550,26400,26900,78252,-0.1855287569573284
2021-08-19,26600,26800,25500,25550,148460,-5.018587360594796
2021-08-20,25650,26200,24800,25200,88711,-1.36986301369863
2021-08-23,25300,29650,25150,27350,590989,8.531746031746032
2021-08-24,27000,27400,26750,27000,99302,-1.2797074954296161
2021-08-25,26900,27050,26300,26450,53176,-2.037037037037037
2021-08-26,26450,26950,26050,26200,64354,-0.945179584120983
2021-08-27,26000,26700,25800,26600,45710,1.5267175572519083
2021-08-30,26750,27050,26500,26650,60371,0.18796992481203006
2021-08-31,26650,27300,26400,27300,67806,2.4390243902439024
2021-09-01,27500,27550,27000,27350,34456,0.18315018315018314
2021-09-02,27300,27650,26950,27000,38807,-1.2797074954296161
2021-09-03,26800,27250,26800,26950,38202,-0.1851851851851852
2021-09-06,26950,27150,26500,26650,51461,-1.1131725417439702
2021-09-07,26650,26800,26250,26550,37255,-0.37523452157598497
2021-09-08,26550,26550,25850,25850,59245,-2.6365348399246704
2021-09-09,25850,26500,25750,25900,48648,0.19342359767891684
2021-09-10,25750,26150,25550,26000,30808,0.3861003861003861
2021-09-13,26000,26200,25400,25450,43813,-2.1153846153846154
2021-09-14,25400,25950,25400,25800,22282,1.37524557956778
2021-09-15,25650,25850,24950,25450,36339,-1.3565891472868217
2021-09-16,25300,25600,25000,25100,28436,-1.37524557956778
2021-09-17,25000,25500,24950,25450,30994,1.394422310756972
2021-09-23,25400,25500,24800,24950,38942,-1.9646365422396856
2021-09-24,24700,25200,24700,24800,35259,-0.6012024048096193
2021-09-27,24600,24900,23850,24100,46485,-2.82258064516129
2021-09-28,23900,24200,23100,23100,68553,-4.149377593360995
2021-09-29,22150,23050,22150,22650,52195,-1.948051948051948
2021-09-30,22550,23400,22500,23000,36102,1.545253863134658
2021-10-01,22800,23450,22000,22350,69403,-2.8260869565217392
2021-10-05,22050,22350,21200,21250,77996,-4.921700223713646
2021-10-06,20950,21650,20700,20750,75223,-2.3529411764705883
2021-10-07,20750,21550,20750,21450,32085,3.3734939759036147
2021-10-08,21400,22250,21150,21500,45978,0.2331002331002331
2021-10-12,21500,21500,20850,21250,26407,-1.1627906976744187
2021-10-13,21000,21900,21000,21800,25391,2.588235294117647
2021-10-14,22000,24900,21800,24500,202387,12.385321100917432
2021-10-15,24500,24500,23600,23800,58435,-2.857142857142857
2021-10-18,23850,24950,23250,24200,39537,1.680672268907563
2021-10-19,24100,24500,23850,23900,29555,-1.2396694214876034
2021-10-20,24150,24150,23600,23700,26622,-0.8368200836820083
2021-10-21,23750,23900,23250,23350,21648,-1.4767932489451476
2021-10-22,23350,23350,22900,23350,26939,0.0
2021-10-25,23050,23850,23000,23850,18739,2.141327623126338
2021-10-26,23800,24150,23600,23950,18146,0.41928721174004197
2021-10-27,23800,24100,23500,23500,28852,-1.8789144050104383
2021-10-28,23400,23600,23150,23150,14409,-1.4893617021276597
2021-10-29,23150,23700,23050,23050,22334,-0.4319654427645789
2021-11-01,23150,24650,23000,24200,62282,4.989154013015185
2021-11-02,24200,24500,23400,23900,28062,-1.2396694214876034
2021-11-03,23700,23850,23350,23500,22555,-1.6736401673640167
2021-11-04,23500,23750,22700,23000,35560,-2.127659574468085
2021-11-05,22800,23250,22300,22350,33000,-2.8260869565217392
2021-11-08,22200,22350,21950,22150,24306,-0.8948545861297539
2021-11-09,22150,22300,21500,21600,24117,-2.4830699774266365
2021-11-10,21450,21750,21200,21200,19996,-1.8518518518518516
2021-11-11,21100,21500,20800,21200,42593,0.0
2021-11-12,21100,22050,21000,21500,44570,1.4150943396226416
2021-11-15,21750,22450,21600,22450,25641,4.4186046511627906
2021-11-16,22650,24050,22400,23350,59392,4.008908685968819
2021-11-17,23350,23350,22550,23100,22123,-1.070663811563169
2021-11-18,22950,22950,22500,22650,20832,-1.948051948051948
2021-11-19,22650,23050,22450,22850,13859,0.8830022075055187
2021-11-22,22700,22850,21950,22200,24116,-2.8446389496717726
2021-11-23,21900,22200,21600,21850,19270,-1.5765765765765765
2021-11-24,21750,22100,21600,21800,20372,-0.2288329519450801
2021-11-25,22000,22000,21600,21700,16552,-0.45871559633027525
2021-11-26,21700,21950,21100,21100,42642,-2.7649769585253456
2021-11-29,20750,22000,20150,21000,31581,-0.47393364928909953
2021-11-30,21200,21800,20500,20750,38641,-1.1904761904761905
2021-12-01,20700,21100,20350,20900,29777,0.7228915662650602
2021-12-02,20900,21300,20650,21250,15271,1.674641148325359
2021-12-03,21250,21450,21000,21300,23138,0.2352941176470588
2021-12-06,21250,21300,20800,21000,21074,-1.4084507042253522
2021-12-07,21150,21550,20900,21300,32137,1.4285714285714286
2021-12-08,21450,22250,21350,21800,58968,2.3474178403755865
2021-12-09,21650,22300,21650,22100,19684,1.3761467889908259
2021-12-10,22000,22300,21850,22100,11477,0.0
2021-12-13,22100,22250,21800,21950,17540,-0.6787330316742082
2021-12-14,21700,21800,21150,21300,31932,-2.9612756264236904
2021-12-15,21150,21900,21000,21700,18416,1.8779342723004695
2021-12-16,21950,22000,21550,21600,14228,-0.4608294930875576
2021-12-17,21300,21550,21000,21100,29914,-2.314814814814815
2021-12-20,21200,21500,20950,21100,23203,0.0
2021-12-21,21200,21350,21000,21300,22738,0.9478672985781991
2021-12-22,21200,21350,21000,21150,23624,-0.7042253521126761
2021-12-23,21150,21300,20750,21100,28982,-0.2364066193853428
2021-12-24,21050,21150,20800,20900,33501,-0.9478672985781991
2021-12-27,20900,21700,20750,21550,42225,3.110047846889952
2021-12-28,21400,21650,20950,21050,35207,-2.320185614849188
2021-12-29,21000,21600,21000,21250,45694,0.9501187648456058
2021-12-30,21250,21700,21150,21700,22539,2.1176470588235294
2022-01-03,21800,21850,20550,21650,22213,-0.2304147465437788
2022-01-04,21450,21700,21200,21600,18782,-0.23094688221709006
2022-01-05,21550,21550,20900,21300,39781,-1.3888888888888888
2022-01-06,20900,21300,20700,20700,51212,-2.8169014084507045
2022-01-07,20950,21050,20800,21000,16301,1.4492753623188406
2022-01-10,21050,21050,20750,20850,24585,-0.7142857142857143
2022-01-11,20750,21000,20700,21000,26746,0.7194244604316548
2022-01-12,21050,21400,21000,21400,19188,1.9047619047619049
2022-01-13,21550,21550,21100,21250,24737,-0.7009345794392523
2022-01-14,21100,21150,20700,20700,39119,-2.588235294117647
2022-01-17,20700,20850,19550,19800,91439,-4.3478260869565215
2022-01-18,19800,20050,19050,19200,31755,-3.0303030303030303
2022-01-19,18550,19250,18450,19050,36677,-0.78125
2022-01-20,18950,19600,18800,19350,14613,1.574803149606299
2022-01-21,18900,19350,18850,19050,16756,-1.550387596899225
2022-01-24,18750,18800,18050,18050,44857,-5.2493438320209975
2022-01-25,17750,18550,17500,18100,38172,0.2770083102493075
2022-01-26,17750,18200,17700,17900,21022,-1.1049723756906076
2022-01-27,17650,17800,17150,17350,38578,-3.072625698324022
2022-01-28,17350,17600,16800,16950,85283,-2.3054755043227666
2022-02-03,17150,18400,17000,18000,66360,6.1946902654867255
2022-02-04,18050,18250,17600,18100,23659,0.5555555555555556
2022-02-07,18000,18250,17700,17900,13235,-1.1049723756906076
2022-02-08,18000,18450,17850,18100,24704,1.1173184357541899
2022-02-09,18200,18900,18100,18450,31393,1.9337016574585635
2022-02-10,18450,19200,18450,18600,34892,0.8130081300813009
2022-02-11,18250,18700,18050,18500,26185,-0.5376344086021506
2022-02-14,18300,18300,17450,17600,32103,-4.864864864864865
2022-02-15,17400,18250,17400,17600,28785,0.0
2022-02-16,17900,18700,17900,18500,16386,5.113636363636364
2022-02-17,18350,18700,17950,18300,26289,-1.0810810810810811
2022-02-18,18150,18500,18000,18450,13527,0.819672131147541
2022-02-21,18150,18550,18050,18400,12798,-0.27100271002710025
2022-02-22,18200,18300,17900,18050,14700,-1.9021739130434785
2022-02-23,18050,18250,18000,18150,8422,0.554016620498615
2022-02-24,18000,18100,17300,17500,33936,-3.581267217630854
2022-02-25,17700,18050,17700,17950,17932,2.571428571428571
2022-02-28,17950,18000,17600,17800,17782,-0.8356545961002786
2022-03-02,17750,18300,17700,18200,25848,2.247191011235955
2022-03-03,18200,18650,18200,18600,12403,2.197802197802198
2022-03-04,18550,18600,18050,18200,12512,-2.1505376344086025
2022-03-07,17900,17950,17700,17700,16975,-2.7472527472527473
2022-03-08,17050,17850,17050,17550,15128,-0.847457627118644
2022-03-10,17550,17850,17400,17550,12076,0.0
2022-03-11,17600,17800,17400,17750,11738,1.1396011396011396
2022-03-14,17600,17900,17300,17400,18302,-1.971830985915493
2022-03-15,17400,17600,17200,17300,7217,-0.5747126436781609
2022-03-16,17350,17500,17250,17350,13156,0.2890173410404624
2022-03-17,17500,18150,17450,18000,25882,3.7463976945244957
2022-03-18,18000,18400,17900,18350,16509,1.9444444444444444
2022-03-21,18300,18850,18250,18700,20601,1.9073569482288828
2022-03-22,18700,18700,18500,18650,8906,-0.267379679144385
2022-03-23,18550,18750,17850,17950,53955,-3.753351206434316
2022-03-24,18000,18150,17700,18150,11948,1.1142061281337048
2022-03-25,18200,18200,17800,17900,12762,-1.3774104683195594
2022-03-28,18000,18000,17450,17700,22227,-1.1173184357541899
2022-03-29,17600,17950,17600,17950,19642,1.4124293785310735
2022-03-30,17950,18250,17800,17900,19738,-0.2785515320334262
2022-03-31,18000,18300,17750,18150,18259,1.3966480446927374
2022-04-01,17950,18250,17850,18150,13870,0.0
2022-04-04,17950,18400,17900,18400,18926,1.3774104683195594
2022-04-05,18250,18450,18100,18450,13484,0.2717391304347826
2022-04-06,18400,18400,17950,18000,13971,-2.4390243902439024
2022-04-07,17800,17850,17450,17450,30328,-3.0555555555555554
2022-04-08,17450,17950,17400,17550,19761,0.5730659025787965
2022-04-11,17550,17650,17350,17450,10876,-0.5698005698005698
2022-04-12,17450,17450,17000,17350,17811,-0.5730659025787965
2022-04-13,17250,17500,17000,17350,37014,0.0
2022-04-14,17300,17400,17200,17350,12268,0.0
2022-04-15,17200,17250,16950,17100,11872,-1.440922190201729
2022-04-18,17050,17050,16450,16700,30616,-2.3391812865497075
2022-04-19,16650,16850,16450,16600,26955,-0.5988023952095809
2022-04-20,16700,16700,16100,16200,39746,-2.4096385542168677
2022-04-21,16050,16400,15950,16200,29955,0.0
2022-04-22,16050,16150,15500,15650,45315,-3.3950617283950617
2022-04-25,15350,15600,14950,15100,35714,-3.5143769968051117
2022-04-26,15000,15500,15000,15100,30336,0.0
2022-04-27,14750,15500,14600,15200,33575,0.6622516556291391
2022-04-28,15150,15450,14750,15050,33037,-0.9868421052631579
2022-04-29,15100,15350,15100,15350,17072,1.9933554817275747
2022-05-02,15050,15700,15050,15650,14817,1.9543973941368076
2022-05-03,15650,16050,15550,15650,13936,0.0
2022-05-04,15700,15750,15400,15550,11823,-0.6389776357827476
2022-05-06,15250,15350,14850,15000,35214,-3.536977491961415
2022-05-09,14800,14800,14200,14350,31743,-4.333333333333334
2022-05-10,14000,14400,13700,14350,26162,0.0
2022-05-11,14300,14450,14150,14350,10876,0.0
2022-05-12,14100,14600,14000,14300,10265,-0.34843205574912894
2022-05-13,14300,14650,14300,14300,11346,0.0
2022-05-16,14500,14700,14300,14500,7788,1.3986013986013985
2022-05-17,14250,14450,14150,14300,17363,-1.3793103448275863
2022-05-18,14400,14400,14000,14100,15778,-1.3986013986013985
2022-05-19,13900,13900,13600,13800,12123,-2.127659574468085
2022-05-20,13700,13900,13600,13750,25021,-0.36231884057971014
2022-05-23,13850,14900,13850,14450,50049,5.090909090909091
2022-05-24,14300,14450,14000,14000,34720,-3.1141868512110724
2022-05-25,14150,14550,14000,14400,13670,2.857142857142857
2022-05-26,14500,15050,14350,14450,23390,0.3472222222222222
2022-05-27,14550,14800,14400,14450,17108,0.0
2022-05-30,14450,14700,14450,14700,8707,1.7301038062283738
2022-05-31,14600,14850,14400,14750,13249,0.3401360544217687
2022-06-02,14850,14850,14500,14750,7929,0.0
2022-06-03,14800,15250,14600,14950,21990,1.3559322033898304
2022-06-07,14850,14900,14500,14600,13354,-2.341137123745819
2022-06-08,14550,14750,14400,14400,11071,-1.36986301369863
2022-06-09,14350,14500,14000,14500,13089,0.6944444444444444
2022-06-10,14200,14350,14000,14100,11951,-2.7586206896551726
2022-06-13,13850,13900,12650,13100,32595,-7.092198581560284
2022-06-14,12550,13100,12400,13050,49483,-0.38167938931297707
2022-06-15,13000,13400,12250,12300,25714,-5.747126436781609
2022-06-16,12450,13050,11950,12300,35300,0.0
2022-06-17,11800,12350,11700,12300,30554,0.0
2022-06-20,12250,12400,11450,11700,42131,-4.878048780487805
2022-06-21,11650,12000,11450,11750,21817,0.4273504273504274
2022-06-22,11800,11900,11100,11150,23833,-5.106382978723404
2022-06-23,11100,11300,10350,11050,86729,-0.8968609865470852
2022-06-24,10950,12150,10950,12000,51337,8.597285067873303
2022-06-27,12350,15100,12200,13850,389335,15.416666666666668
2022-06-28,14000,14300,13450,14300,59200,3.2490974729241873
2022-06-29,14000,17200,13900,16350,315954,14.335664335664337
2022-06-30,16600,16750,14850,15350,146055,-6.116207951070336
2022-07-01,14850,14900,13000,13650,244157,-11.074918566775244
2022-07-04,13650,14200,13150,14100,52001,3.296703296703297
2022-07-05,14200,15800,14150,14500,232498,2.8368794326241136
2022-07-06,14600,15450,14300,14750,58803,1.7241379310344827
2022-07-07,15250,16000,15000,15200,59294,3.050847457627119
2022-07-08,15200,15550,15050,15050,33580,-0.9868421052631579
2022-07-11,15300,15300,14250,14750,49660,-1.9933554817275747
2022-07-12,14500,14650,14150,14650,19913,-0.6779661016949152
2022-07-13,14500,15350,14500,14850,33689,1.3651877133105803
2022-07-14,14850,15200,14500,14650,19524,-1.3468013468013467
2022-07-15,14550,15000,14400,14850,20334,1.3651877133105803
2022-07-18,15000,15450,14600,15450,37600,4.040404040404041
2022-07-19,15300,15450,14950,15050,20346,-2.5889967637540456
2022-07-20,14950,15400,14800,15300,46212,1.6611295681063125
2022-07-21,15350,15550,15150,15250,14735,-0.32679738562091504
2022-07-22,15150,15200,14700,14700,24799,-3.606557377049181
2022-07-25,14600,15400,14300,15250,37481,3.741496598639456
2022-07-26,15250,15300,15000,15150,15889,-0.6557377049180327
2022-07-27,15250,15350,15000,15050,19321,-0.6600660066006601
2022-07-28,15150,15250,14950,14950,13832,-0.6644518272425249
2022-07-29,15000,15450,15000,15200,26077,1.6722408026755853
2022-08-01,15200,15250,14850,15100,25657,-0.6578947368421052
2022-08-02,14900,15350,14900,15350,15778,1.6556291390728477
2022-08-03,15350,16850,15200,16650,111569,8.469055374592834
2022-08-04,16850,16950,16250,16400,52047,-1.5015015015015014
2022-08-05,16700,16700,16150,16450,43012,0.3048780487804878
2022-08-08,16350,16550,15800,16000,34040,-2.735562310030395
2022-08-09,15800,16050,15750,15750,15732,-1.5625
2022-08-10,15950,15950,14700,15000,46361,-4.761904761904762
2022-08-11,15150,15250,14850,15100,15315,0.6666666666666667
2022-08-12,14950,15100,14750,14850,14111,-1.6556291390728477
2022-08-16,15000,15650,14750,15650,28688,5.387205387205387
2022-08-17,15700,15700,15200,15250,20699,-2.5559105431309903
2022-08-18,15150,15250,14800,14800,24729,-2.9508196721311477
2022-08-19,14850,15350,14800,14900,30269,0.6756756756756757
2022-08-22,14650,14800,14300,14500,25479,-2.684563758389262
2022-08-23,14350,14500,13800,13900,20122,-4.137931034482759
2022-08-24,13850,14200,13600,13950,14745,0.3597122302158274
2022-08-25,14350,14350,13950,14200,8838,1.7921146953405016
2022-08-26,14350,14350,13800,13800,14789,-2.8169014084507045
2022-08-29,13050,13300,12850,13150,28428,-4.710144927536232
2022-08-30,12950,13350,12500,13300,24054,1.1406844106463878
2022-08-31,13300,13300,12900,13100,13918,-1.5037593984962405
2022-09-01,12900,13550,12500,12750,24493,-2.6717557251908395
2022-09-02,12950,12950,12650,12650,8331,-0.7843137254901961
2022-09-05,12500,12650,12200,12350,16802,-2.371541501976284
2022-09-06,12250,12750,12200,12600,17703,2.0242914979757085
2022-09-07,12500,13950,12450,13550,61455,7.5396825396825395
2022-09-08,13800,17200,13500,15350,793884,13.284132841328415
2022-09-13,15200,15550,14550,14850,78936,-3.257328990228013
2022-09-14,14200,15000,14150,14550,33172,-2.0202020202020203
2022-09-15,14600,16200,14600,16100,137279,10.652920962199312
2022-09-16,16100,16100,14600,14600,77598,-9.316770186335404
2022-09-19,15200,15200,13550,13700,70469,-6.164383561643835
2022-09-20,13600,13900,13550,13800,22251,0.7299270072992701
2022-09-21,13550,13850,13100,13250,31541,-3.985507246376811
2022-09-22,13200,13250,12450,12900,51573,-2.6415094339622645
2022-09-23,12800,12900,11800,11950,105131,-7.3643410852713185
2022-09-26,11400,11600,11050,11400,93887,-4.602510460251046
2022-09-27,11400,11700,11200,11600,36492,1.7543859649122806
2022-09-28,11350,12300,11350,11500,48796,-0.8620689655172413
2022-09-29,11650,12100,11550,11550,33226,0.43478260869565216
2022-09-30,11350,12250,11250,12100,30531,4.761904761904762
2022-10-04,12250,12500,12000,12450,15344,2.8925619834710745
2022-10-05,12600,12650,11750,12200,22029,-2.0080321285140563
2022-10-06,12800,12800,12150,12600,25359,3.278688524590164
2022-10-07,12300,12700,12200,12350,15840,-1.984126984126984
2022-10-11,12350,12350,11600,12100,15438,-2.0242914979757085
2022-10-12,11850,12100,11650,11850,4924,-2.066115702479339
2022-10-13,11850,11900,11450,11750,15250,-0.8438818565400843
2022-10-14,11850,12300,11800,12200,10686,3.829787234042553
2022-10-17,11800,12300,11600,12150,7476,-0.4098360655737705
2022-10-18,12150,12500,12150,12200,11741,0.411522633744856
2022-10-19,12700,13000,12150,12150,23332,-0.4098360655737705
2022-10-20,12150,12350,11800,11950,5779,-1.646090534979424
2022-10-21,12250,12250,11750,11950,6940,0.0
2022-10-24,12100,12500,11850,11950,9793,0.0
2022-10-25,11850,12000,11500,11800,14034,-1.2552301255230125
2022-10-26,11750,11950,11450,11450,18360,-2.9661016949152543
2022-10-27,11400,11850,11400,11700,15915,2.1834061135371177
2022-10-28,11550,11750,11400,11450,10723,-2.1367521367521367
2022-10-31,11450,11750,11450,11600,4784,1.3100436681222707
2022-11-01,11700,11700,11350,11550,6952,-0.43103448275862066
2022-11-02,11400,11750,11300,11600,9118,0.4329004329004329
2022-11-03,11350,11700,11300,11600,11470,0.0
2022-11-04,11600,11650,11300,11600,12601,0.0
2022-11-07,11650,11700,11450,11600,5934,0.0
2022-11-08,11750,11800,11500,11800,14705,1.7241379310344827
2022-11-09,11800,12200,11800,11950,21258,1.2711864406779663
2022-11-10,12000,12000,11750,11950,5527,0.0
2022-11-11,12250,12350,11900,12050,19292,0.8368200836820083
2022-11-14,12250,12250,11750,11950,9989,-0.8298755186721992
2022-11-15,12050,12250,11800,12200,16379,2.092050209205021
2022-11-16,12300,12600,12100,12450,25303,2.0491803278688523
2022-11-17,12450,12700,12300,12550,11633,0.8032128514056224
2022-11-18,12600,13100,12500,12650,18562,0.796812749003984
2022-11-21,12950,12950,11950,12050,18321,-4.743083003952568
2022-11-22,11900,12050,11750,11900,9553,-1.2448132780082988
2022-11-23,11900,12100,11750,11850,7900,-0.42016806722689076
2022-11-24,12000,12050,11750,11900,6014,0.42194092827004215
2022-11-25,11950,11950,11600,11800,12972,-0.8403361344537815
2022-11-28,11800,11850,11300,11550,15158,-2.11864406779661
2022-11-29,11550,11700,11450,11700,4227,1.2987012987012987
2022-11-30,11700,11700,11500,11600,7169,-0.8547008547008548
2022-12-01,11650,11850,11550,11550,20232,-0.43103448275862066
2022-12-02,11650,11700,11450,11600,6456,0.4329004329004329
2022-12-05,11600,11950,11450,11900,15584,2.586206896551724
2022-12-06,11850,12000,11750,11950,14396,0.42016806722689076
2022-12-07,11750,11950,11700,11950,10788,0.0
2022-12-08,12000,12050,11700,11900,6790,-0.41841004184100417
2022-12-09,11950,12000,11850,12000,4476,0.8403361344537815
2022-12-12,12000,12000,11650,11800,6230,-1.6666666666666667
2022-12-13,11800,11900,11500,11550,17019,-2.11864406779661
2022-12-14,11700,11850,11550,11750,5220,1.7316017316017316
2022-12-15,11600,11800,11600,11800,4647,0.425531914893617
2022-12-16,11750,11800,11500,11600,23777,-1.694915254237288
2022-12-19,11650,11650,11450,11550,10335,-0.43103448275862066
2022-12-20,11400,11650,11150,11350,28026,-1.7316017316017316
2022-12-21,11450,11700,11100,11500,19035,1.3215859030837005
2022-12-22,11650,11650,11350,11550,4133,0.43478260869565216
2022-12-23,11350,11450,10950,11100,26644,-3.896103896103896
2022-12-26,11100,11100,10800,10800,15832,-2.7027027027027026
2022-12-27,10750,11000,10650,10750,14646,-0.4629629629629629
2022-12-28,10600,10850,10400,10700,17835,-0.46511627906976744
2022-12-29,10700,10700,10350,10600,10856,-0.9345794392523363
2023-01-02,10600,10950,10450,10650,4809,0.4716981132075472
2023-01-03,10500,10800,10400,10700,5342,0.4694835680751174
2023-01-04,10500,10750,10500,10600,7825,-0.9345794392523363
2023-01-05,10800,11100,10550,10800,12920,1.8867924528301887
2023-01-06,10950,10950,10600,10850,10661,0.4629629629629629
2023-01-09,11000,11050,10550,10800,10205,-0.4608294930875576
2023-01-10,10800,10800,10450,10650,20206,-1.3888888888888888
2023-01-11,10700,10750,10550,10650,8544,0.0
2023-01-12,10600,11550,10500,11350,44347,6.572769953051644
2023-01-13,11300,11400,10800,11050,16990,-2.643171806167401
2023-01-16,11050,11100,10900,11050,5511,0.0
2023-01-17,11050,11050,10650,10650,16558,-3.619909502262444
2023-01-18,10700,11700,10550,11200,24948,5.164319248826291
2023-01-19,11150,11150,11000,11150,4594,-0.4464285714285714
2023-01-20,11250,11400,11100,11150,10039,0.0
2023-01-25,11250,11330,11030,11050,6170,-0.8968609865470852
2023-01-26,10940,11090,10880,11000,9293,-0.4524886877828055
2023-01-27,11030,11050,10880,11000,14256,0.0
2023-01-30,10960,10960,10850,10920,6963,-0.7272727272727273
2023-01-31,10920,11300,10830,10980,5678,0.5494505494505495
2023-02-01,10950,11580,10930,11080,26340,0.9107468123861567
2023-02-02,11150,11570,11150,11550,18353,4.241877256317689
2023-02-03,11550,11990,11480,11840,16178,2.5108225108225106
2023-02-06,11670,11940,11670,11880,10812,0.33783783783783783
2023-02-07,11900,12100,11840,11960,19614,0.6734006734006733
2023-02-08,12040,12100,11900,12060,9892,0.8361204013377926
2023-02-09,12080,12580,11990,12490,25435,3.565505804311774
2023-02-10,12550,12550,12170,12220,16468,-2.1617293835068057
2023-02-13,11960,12180,11650,11770,14789,-3.6824877250409163
2023-02-14,11730,11870,11500,11690,18234,-0.6796941376380629
2023-02-15,11590,11620,11270,11460,21659,-1.9674935842600514
2023-02-16,11460,11970,11430,11800,11822,2.966841186736475
2023-02-17,11800,11800,11530,11680,7888,-1.0169491525423728
2023-02-20,11650,12290,11600,12170,25660,4.195205479452055
2023-02-21,12190,12320,11920,12000,9762,-1.3968775677896468
2023-02-22,11890,11890,11550,11700,14409,-2.5
2023-02-23,11700,11780,11480,11560,6474,-1.1965811965811968
2023-02-24,11560,11670,11410,11600,6213,0.34602076124567477
2023-02-27,11600,11690,11200,11390,10786,-1.810344827586207
2023-02-28,11420,11670,11100,11370,10675,-0.17559262510974538
2023-03-02,11370,12000,11300,11880,25352,4.485488126649076
2023-03-03,11930,12030,11770,11950,10421,0.5892255892255892
2023-03-06,12020,12020,11500,11790,14336,-1.3389121338912133
2023-03-07,11790,12170,11710,11950,12416,1.3570822731128074
2023-03-08,11950,11950,11460,11780,19396,-1.4225941422594142
2023-03-09,11740,11740,11410,11540,12624,-2.037351443123939
2023-03-10,11450,11540,11230,11350,17698,-1.6464471403812824
2023-03-13,11300,11550,10950,11530,13932,1.5859030837004406
2023-03-14,11370,11570,10860,11260,15811,-2.3417172593235036
2023-03-15,11240,11280,11080,11230,14975,-0.2664298401420959
2023-03-16,11230,11350,11020,11330,15694,0.8904719501335707
2023-03-17,11670,11850,11340,11700,13861,3.265666372462489
2023-03-20,11650,11730,11450,11550,13072,-1.282051282051282
2023-03-21,11560,11560,10800,11390,14869,-1.3852813852813852
2023-03-22,11500,11500,11230,11420,8241,0.2633889376646181
2023-03-23,11350,11410,11050,11060,22798,-3.1523642732049035
2023-03-24,11100,11600,11010,11340,19419,2.5316455696202533
2023-03-27,11340,12470,11340,12350,107957,8.906525573192239
2023-03-28,12700,13050,12510,12670,75927,2.591093117408907
2023-03-29,13070,13090,12100,12300,29916,-2.920284135753749
2023-03-30,12300,13490,12270,13250,69638,7.723577235772358
2023-03-31,13110,13800,12910,13790,52671,4.0754716981132075
2023-04-03,14100,14180,13310,13690,28893,-0.7251631617113851
2023-04-04,13500,14880,13420,14700,63859,7.377647918188458
2023-04-05,14500,14800,14320,14700,19953,0.0
2023-04-06,14930,14930,14240,14500,25638,-1.3605442176870748
2023-04-07,14560,14750,14150,14610,21297,0.7586206896551724
2023-04-10,14820,15290,14670,14940,34508,2.2587268993839835
2023-04-11,14940,15060,14350,14690,15246,-1.6733601070950468
2023-04-12,14690,14980,13930,13950,40925,-5.037440435670524
2023-04-13,13800,13950,13420,13790,21297,-1.146953405017921
2023-04-14,13730,14500,13730,14230,34687,3.1907179115300943
2023-04-17,14180,14300,13960,14090,9273,-0.9838369641602248
2023-04-18,14090,14090,13630,13740,18394,-2.48403122782115
2023-04-19,13680,13800,13570,13670,11312,-0.5094614264919942
2023-04-20,13520,13660,12910,13000,31915,-4.901243599122165
2023-04-21,12920,13200,12810,13000,8967,0.0
2023-04-24,13000,13300,12700,13240,16583,1.8461538461538463
2023-04-25,13290,13290,12250,12750,24705,-3.7009063444108756
2023-04-26,12700,13000,12410,12680,11442,-0.5490196078431373
2023-04-27,12760,12860,12300,12310,13094,-2.917981072555205
2023-04-28,12500,12550,12100,12120,9941,-1.543460601137287
2023-05-02,12210,12420,11900,12100,11292,-0.16501650165016502
2023-05-03,12100,12140,11870,11980,12503,-0.9917355371900827
2023-05-04,12000,12380,11880,12290,19437,2.5876460767946576
2023-05-08,12340,12360,12200,12320,9991,0.24410089503661514
2023-05-09,12290,12490,12130,12330,9155,0.08116883116883117
2023-05-10,12270,12770,12270,12680,14652,2.83860502838605
2023-05-11,12710,12910,12590,12680,7711,0.0
2023-05-12,12750,13250,12560,13100,9085,3.3123028391167195
2023-05-15,13500,13500,12900,13390,13424,2.213740458015267
2023-05-16,13400,13500,12450,12760,20301,-4.7050037341299475
2023-05-17,12420,13000,12400,12900,13117,1.09717868338558
2023-05-18,12900,13000,12680,12960,8099,0.46511627906976744
2023-05-19,12840,13000,12720,13000,5398,0.30864197530864196
2023-05-22,13000,13100,12790,12880,4324,-0.9230769230769231
2023-05-23,12970,12980,12600,12880,6226,0.0
2023-05-24,12940,12950,12580,12950,7479,0.5434782608695652
2023-05-25,13000,13010,12000,12300,37804,-5.019305019305019
2023-05-26,12450,12740,11800,12730,25170,3.495934959349593
2023-05-30,12800,12800,11810,12720,24886,-0.07855459544383347
2023-05-31,12760,12760,12490,12570,7430,-1.179245283018868
2023-06-01,12600,12750,12400,12600,6860,0.23866348448687352
2023-06-02,12600,12940,12540,12820,7101,1.746031746031746
2023-06-05,12820,12990,12550,12600,7275,-1.71606864274571
2023-06-07,12600,12750,12520,12590,8578,-0.07936507936507936
2023-06-08,12590,12790,12460,12550,9387,-0.3177124702144559
2023-06-09,12460,12910,12460,12640,7680,0.7171314741035857
2023-06-12,12590,12660,12390,12410,13278,-1.8196202531645569
2023-06-13,12420,13160,12400,12550,22822,1.1281224818694602
2023-06-14,12560,12650,12350,12390,9665,-1.2749003984063745
2023-06-15,12360,12740,12360,12460,6808,0.5649717514124294
2023-06-16,12400,12600,12340,12580,5273,0.9630818619582664
2023-06-19,12450,12700,12280,12280,7258,-2.384737678855326
2023-06-20,12280,12350,12180,12310,3079,0.24429967426710095
2023-06-21,12290,12340,12100,12260,8483,-0.4061738424045491
2023-06-22,12180,12380,11940,12150,19458,-0.897226753670473
2023-06-23,12300,12350,11760,11900,24641,-2.05761316872428
2023-06-26,11900,12020,11700,11720,15729,-1.5126050420168067
2023-06-27,11770,11920,11180,11700,22150,-0.17064846416382254
2023-06-28,11700,11900,11650,11730,3693,0.2564102564102564
2023-06-29,11770,11770,11540,11600,4089,-1.1082693947144073
2023-06-30,11320,11860,11320,11730,10020,1.1206896551724137
2023-07-03,11740,11850,11590,11750,5635,0.17050298380221654
2023-07-04,11630,11760,11510,11670,5508,-0.6808510638297872
2023-07-05,11670,11730,11330,11400,13223,-2.313624678663239
2023-07-06,11400,11480,10900,11170,25363,-2.017543859649123
2023-07-07,11240,11240,10780,10880,35900,-2.5962399283795885
2023-07-10,10900,11000,10560,10560,17607,-2.941176470588235
2023-07-11,10560,10830,10030,10600,29074,0.3787878787878788
2023-07-12,10520,10670,10200,10550,20605,-0.4716981132075472
2023-07-13,10560,10950,10550,10810,9886,2.4644549763033177
2023-07-14,10810,10930,10720,10920,9613,1.0175763182238668
2023-07-17,10920,11000,10720,10890,8715,-0.27472527472527475
2023-07-18,10890,11000,10600,10700,7660,-1.7447199265381086
2023-07-19,10700,10890,10330,10550,11374,-1.4018691588785046
2023-07-20,10550,10660,10330,10570,6667,0.18957345971563982
2023-07-21,10570,10990,10440,10630,15074,0.5676442762535477
2023-07-24,10690,10850,10240,10480,17152,-1.4111006585136407
2023-07-25,10500,10650,10010,10300,12828,-1.717557251908397
2023-07-26,10400,10400,9210,9810,58454,-4.757281553398058
2023-07-27,9700,10090,9560,9900,16265,0.9174311926605505
2023-07-28,9900,10000,9690,10000,12523,1.0101010101010102
2023-07-31,10000,10120,9910,10110,13723,1.0999999999999999
2023-08-01,10110,10200,9990,10000,14414,-1.0880316518298714
2023-08-02,10000,10140,9950,10050,10236,0.5
2023-08-03,10050,10200,9950,10120,9093,0.6965174129353234
2023-08-04,10120,10190,10000,10000,10216,-1.185770750988142
2023-08-07,9950,9990,9400,9500,45905,-5.0
2023-08-08,9450,9850,9300,9770,26249,2.8421052631578947
2023-08-09,9880,10000,9590,9930,18539,1.6376663254861823
2023-08-10,10000,10000,9790,9810,13750,-1.2084592145015105
2023-08-11,9880,10500,9880,10310,24043,5.09683995922528
2023-08-14,10310,10600,10110,10500,20182,1.842870999030068
2023-08-16,10410,10410,10010,10010,17433,-4.666666666666667
2023-08-17,10150,10150,9640,9900,22715,-1.098901098901099
2023-08-18,9850,9850,9490,9720,16688,-1.8181818181818181
2023-08-21,9690,9870,9630,9810,9281,0.9259259259259258
2023-08-22,9870,9870,9420,9730,7230,-0.8154943934760449
2023-08-23,9730,9990,9520,9870,11820,1.4388489208633095
2023-08-24,9900,12830,9870,12830,229513,29.989868287740627
2023-08-25,15900,16500,13410,13970,1272626,8.885424785658614
2023-08-28,14750,16960,13550,14050,1124996,0.5726556907659269
2023-08-29,13900,15160,13900,14700,234156,4.6263345195729535
2023-08-30,14950,14950,14500,14710,70166,0.06802721088435373
2023-08-31,14950,15350,14950,15110,60167,2.719238613188307
2023-09-01,15230,15500,14880,14880,70142,-1.5221707478491064
2023-09-04,14880,15160,13900,13900,92017,-6.586021505376344
2023-09-05,13900,15500,13690,14260,187239,2.5899280575539567
2023-09-06,14260,14480,13900,14480,37489,1.5427769985974753
2023-09-07,14480,14650,13800,14190,37797,-2.0027624309392267
2023-09-08,14150,14380,13980,14270,19926,0.5637773079633545
2023-09-11,14350,14710,13700,14590,48686,2.242466713384723
2023-09-12,14430,14730,13930,13930,33608,-4.523646333104867
2023-09-13,13930,14380,13600,14160,37793,1.6511127063890882
2023-09-14,14450,14450,13910,14250,17001,0.6355932203389831
2023-09-15,14250,15230,13910,14850,65485,4.2105263157894735
2023-09-18,14850,16150,14840,15170,133634,2.154882154882155
2023-09-19,15180,15370,14300,14830,48035,-2.2412656558998023
2023-09-20,14730,14840,14310,14600,20030,-1.5509103169251517
2023-09-21,14310,14550,13920,14010,25873,-4.041095890410959
2023-09-22,13750,14180,13700,14020,17324,0.07137758743754462
2023-09-25,13900,14400,13740,13880,21446,-0.9985734664764622
2023-09-26,13930,14150,13700,13970,12975,0.6484149855907781
2023-09-27,14040,14500,13970,14340,17440,2.6485325697924123
2023-10-04,14030,14150,13740,13990,22925,-2.4407252440725244
2023-10-05,14000,14230,14000,14140,9310,1.0721944245889923
2023-10-06,14040,15120,14040,14760,33874,4.384724186704385
2023-10-10,15050,15100,13630,13900,37700,-5.826558265582656
2023-10-11,13900,14100,13850,13940,7748,0.28776978417266186
2023-10-12,13890,14020,13070,13560,25295,-2.72596843615495
2023-10-13,13350,13680,12900,13100,26386,-3.392330383480826
2023-10-16,12850,13100,12610,12810,21602,-2.213740458015267
2023-10-17,12820,13180,12310,12520,33933,-2.2638563622170182
2023-10-18,12600,12600,11850,12000,32054,-4.15335463258786
2023-10-19,11970,11970,11490,11600,15140,-3.3333333333333335
2023-10-20,11500,11840,11000,11500,27123,-0.8620689655172413
2023-10-23,11200,11540,11040,11230,19441,-2.3478260869565215
2023-10-24,11280,11790,10980,11650,15115,3.7399821905609976
2023-10-25,11970,11970,11270,11450,6085,-1.7167381974248928
2023-10-26,11130,11590,11040,11570,7037,1.0480349344978166
2023-10-27,11360,11530,10990,11140,18401,-3.7165082108902334
2023-10-30,11070,11300,10830,10980,7859,-1.436265709156194
2023-10-31,11360,11360,10500,10650,16866,-3.0054644808743167
2023-11-01,10670,10860,10560,10620,7203,-0.28169014084507044
2023-11-02,10730,11030,10710,10930,11859,2.919020715630885
2023-11-03,11190,12640,10930,11370,158520,4.025617566331198
2023-11-06,11650,11650,11260,11500,18195,1.1433597185576077
2023-11-07,11660,11660,11200,11410,13671,-0.782608695652174
2023-11-08,11410,11800,11290,11600,13028,1.6652059596844873
2023-11-09,11600,11750,11500,11500,11918,-0.8620689655172413
2023-11-10,11650,12480,11500,12300,40678,6.956521739130435
2023-11-13,12300,12420,11800,11800,20822,-4.0650406504065035
2023-11-14,11800,12000,11800,11830,4733,0.2542372881355932
2023-11-15,11840,12460,11840,12300,16328,3.9729501267962806
2023-11-16,12300,12620,12100,12290,7100,-0.08130081300813008
2023-11-17,12290,12290,11930,12040,6848,-2.034174125305126
2023-11-20,12040,12750,12030,12380,18839,2.823920265780731
2023-11-21,12400,12480,12220,12400,8532,0.16155088852988692
2023-11-22,12450,12450,12000,12190,9124,-1.6935483870967745
2023-11-23,12190,12220,12050,12190,8873,0.0
2023-11-24,12210,12540,12070,12400,23190,1.7227235438884332
2023-11-27,12370,12550,11860,12190,17780,-1.6935483870967745
2023-11-28,12270,12270,11960,12070,6689,-0.9844134536505332
2023-11-29,12000,14180,12000,14180,138103,17.48135874067937
2023-11-30,13900,14980,13860,14900,84412,5.077574047954866
2023-12-01,14710,15200,14610,14900,34803,0.0
2023-12-04,14610,15040,14160,14630,21774,-1.8120805369127517
2023-12-05,14630,15030,14300,14900,26627,1.845522898154477
2023-12-06,14580,15470,14580,15160,32456,1.74496644295302
2023-12-07,15300,15440,15090,15190,24977,0.1978891820580475
2023-12-08,15190,15240,14640,14780,24612,-2.699144173798552
2023-12-11,14640,15350,14550,15330,26483,3.7212449255751014
2023-12-12,15570,16650,15330,16430,96231,7.175472928897586
2023-12-13,16750,17430,16520,16800,110376,2.251978088861838
2023-12-14,17070,17670,16350,16450,73572,-2.083333333333333
2023-12-15,16350,17000,16350,16650,41889,1.21580547112462
2023-12-18,16700,17940,16450,17620,82519,5.8258258258258255
2023-12-19,17620,19800,17070,19550,200055,10.953461975028377
2023-12-20,19900,24050,19800,23400,544794,19.69309462915601
2023-12-21,23100,23100,18390,19000,654081,-18.803418803418804
2023-12-22,19260,20550,18740,19370,219198,1.9473684210526316
2023-12-26,19100,19530,18900,19040,77033,-1.7036654620547238
2023-12-27,19020,19830,18600,19270,72276,1.207983193277311
2023-12-28,19180,19580,18990,19390,44154,0.6227296315516346
2024-01-02,19690,21200,19210,21100,96107,8.818978855079939
2024-01-03,20100,21050,19430,20750,108029,-1.6587677725118484
2024-01-04,20450,21500,20150,21200,56641,2.1686746987951806
2024-01-05,21200,21850,19980,20150,86062,-4.952830188679245
2024-01-08,20000,20150,19010,19200,73128,-4.714640198511166
2024-01-09,19210,19410,18840,19150,33411,-0.26041666666666663
2024-01-10,19180,19700,19130,19630,20733,2.506527415143603
2024-01-11,19400,19580,18870,19100,27059,-2.6999490575649516
2024-01-12,19270,19350,18510,18700,17911,-2.094240837696335
2024-01-15,18700,19800,18600,19490,40612,4.224598930481283
2024-01-16,19580,19800,19010,19340,18272,-0.7696254489481785
2024-01-17,19340,19500,17420,18920,24196,-2.1716649431230612
2024-01-18,18920,19260,18600,18970,19400,0.2642706131078224
2024-01-19,18980,19090,17720,18080,31535,-4.691618344754876
2024-01-22,18220,18220,16900,17540,40032,-2.9867256637168142
2024-01-23,17120,17800,16330,17290,69155,-1.4253135689851768
2024-01-24,17150,17800,17150,17320,20252,0.1735106998264893
2024-01-25,17210,17440,16330,16980,54978,-1.9630484988452657
2024-01-26,16960,16980,16610,16770,22873,-1.2367491166077738
2024-01-29,16700,16760,15960,16070,51992,-4.174120453190221
2024-01-30,16190,16340,15670,16100,26891,0.18668326073428748
2024-01-31,16100,16100,15300,15390,40310,-4.409937888198757
2024-02-01,15490,15680,14960,15350,29638,-0.2599090318388564
2024-02-02,15210,16850,15210,16850,72533,9.77198697068404
2024-02-05,17190,19570,16940,17250,255510,2.3738872403560833
2024-02-06,17420,17650,15980,16010,83958,-7.188405797101449
2024-02-07,16000,16030,15500,15630,34803,-2.373516552154903
2024-02-08,15600,16730,15350,16590,33400,6.142034548944338
2024-02-13,16600,17220,16180,16990,25402,2.4110910186859553
2024-02-14,16800,17220,16410,17000,35610,0.05885815185403178
2024-02-15,17100,17200,16550,16830,14591,-1.0
2024-02-16,16830,17050,16610,16750,11406,-0.4753416518122401
2024-02-19,16800,16870,16300,16500,24272,-1.4925373134328357
2024-02-20,16500,16950,16200,16500,18662,0.0
2024-02-21,16590,16590,16030,16220,15123,-1.6969696969696972
2024-02-22,16240,16380,15880,16100,17949,-0.7398273736128237
2024-02-23,16200,16730,16000,16140,27790,0.2484472049689441
2024-02-26,16130,16450,16000,16260,15637,0.7434944237918215
2024-02-27,16280,16350,15840,16250,15391,-0.06150061500615006
2024-02-28,16200,16550,16110,16300,12410,0.3076923076923077
2024-02-29,16260,16450,16050,16200,9607,-0.6134969325153374
2024-03-04,16200,16230,15890,15950,13952,-1.5432098765432098
2024-03-05,15950,15960,15220,15800,25719,-0.9404388714733543
2024-03-06,15780,16290,15620,16100,15647,1.89873417721519
2024-03-07,16100,16200,15600,15720,20603,-2.360248447204969
2024-03-08,15610,16750,15400,16740,37808,6.488549618320611
2024-03-11,16610,16970,16010,16450,22306,-1.7323775388291516
2024-03-12,16500,16550,16100,16300,11234,-0.911854103343465
2024-03-13,16400,16580,16000,16290,13060,-0.06134969325153375
2024-03-14,16400,17510,16290,17290,52647,6.138735420503377
2024-03-15,17500,17540,16950,16950,27421,-1.9664545980335453
2024-03-18,17000,18110,16760,17830,46383,5.191740412979351
2024-03-19,17830,18400,17730,18080,32631,1.4021312394840157
2024-03-20,18030,18660,17840,18260,43010,0.995575221238938
2024-03-21,18260,18480,17970,18200,21884,-0.32858707557502737
2024-03-22,18050,18280,17710,18100,17221,-0.5494505494505495
2024-03-25,18180,18640,17700,18400,25650,1.6574585635359116
2024-03-26,18290,18400,17940,18300,29975,-0.5434782608695652
2024-03-27,18250,18480,17980,18370,25735,0.3825136612021858
2024-03-28,18370,18520,17500,17600,33306,-4.191616766467066
2024-03-29,17600,17730,17000,17230,23730,-2.102272727272727
2024-04-01,17230,17390,16900,17100,21407,-0.7544979686593152
2024-04-02,17020,17020,16260,16410,30635,-4.035087719298246
2024-04-03,16410,17000,16000,16870,24948,2.803168799512492
2024-04-04,16870,16890,16420,16880,16627,0.05927682276229994
2024-04-05,16860,17100,16200,16800,20898,-0.47393364928909953
2024-04-08,16570,16700,16180,16300,12437,-2.976190476190476
2024-04-09,16300,17000,16190,16870,12205,3.496932515337423
2024-04-11,16970,17140,16390,16430,16350,-2.6081802015411975
2024-04-12,16530,16640,16220,16570,12445,0.852099817407182
2024-04-15,16560,20500,16160,18100,379309,9.233554616777308
2024-04-16,17360,17700,16100,16410,112010,-9.337016574585636
2024-04-17,16460,18900,16300,18020,184837,9.811090798293723
2024-04-18,18000,18200,17010,17750,64636,-1.4983351831298557
2024-04-19,17570,19880,17490,19580,298372,10.309859154929578
2024-04-22,20000,22300,19620,22250,406976,13.636363636363635
2024-04-23,22050,23250,21250,22000,204253,-1.1235955056179776
2024-04-24,21750,22400,21100,21450,94024,-2.5
2024-04-25,21400,21450,19600,19870,125189,-7.365967365967366
2024-04-26,19780,19780,18360,18510,101163,-6.844489179667841
2024-04-29,18510,18870,18200,18740,53276,1.242571582928147
2024-04-30,18610,19250,18500,18800,48241,0.32017075773745995
2024-05-02,18840,19620,18530,18780,64104,-0.10638297872340426
2024-05-03,18790,19600,18620,19130,108512,1.863684771033014
2024-05-07,18950,19130,17500,17810,110025,-6.9001568217459495
2024-05-08,17810,17940,17520,17750,25322,-0.3368893879842785
2024-05-09,17580,18150,17580,17860,20825,0.6197183098591549
2024-05-10,17800,17850,17450,17730,18265,-0.7278835386338186
2024-05-13,17810,17810,17220,17430,24859,-1.6920473773265652
2024-05-14,17310,17650,17120,17370,20174,-0.34423407917383825
2024-05-16,17360,17580,17160,17350,19310,-0.11514104778353484
2024-05-17,17350,17560,17000,17560,19642,1.2103746397694526
2024-05-20,17620,17620,17120,17220,17075,-1.9362186788154898
2024-05-21,17250,18770,17250,18250,70745,5.981416957026713
2024-05-22,18200,18500,18040,18420,21976,0.9315068493150684
2024-05-23,18400,18400,17940,18080,17241,-1.8458197611292075
2024-05-24,17960,18300,17780,17930,15603,-0.8296460176991152
2024-05-27,17800,18120,17750,18000,21387,0.39040713887339656
2024-05-28,18000,18370,17800,18220,20048,1.2222222222222223
2024-05-29,18220,18270,17550,17810,17289,-2.250274423710209
2024-05-30,17700,18000,17260,17500,19293,-1.7405951712521055
2024-05-31,17400,17610,17060,17100,16923,-2.2857142857142856
2024-06-03,17010,17490,17000,17490,12354,2.280701754385965
2024-06-04,17400,17600,17260,17500,7626,0.05717552887364208
2024-06-05,17400,17470,17070,17140,16375,-2.057142857142857
